KOL名字,內頁網址
樂擎,https://www.prefluencer.com/brands/kols/5245?social=instagram
Chin 沁柔  🍒✨,https://www.prefluencer.com/brands/kols/199407?social=instagram
林莎 • 03,https://www.prefluencer.com/brands/kols/3521?social=instagram
梓梓 董梓甯,https://www.prefluencer.com/brands/kols/4324?social=instagram
薔薔 林嘉凌 Lin chia ling,https://www.prefluencer.com/brands/kols/16012?social=instagram
莊酷炫,https://www.prefluencer.com/brands/kols/3353?social=instagram
佩諭🐰,https://www.prefluencer.com/brands/kols/1296?social=instagram
��𝑖𝑘𝑖𝑡𝑎 𝐻𝑠𝑢 ♡舒子晨,https://www.prefluencer.com/brands/kols/1624?social=instagram
��𝙪𝙩𝙪 ♡ 趙兔兔,https://www.prefluencer.com/brands/kols/4575?social=instagram
張香香🍕🦦,https://www.prefluencer.com/brands/kols/915?social=instagram
小豬豬的奇幻冒險 旅遊 親子 住宿 美食 露營 玩具,https://www.prefluencer.com/brands/kols/120953?social=instagram
豆漿-SoybeanMilk,https://www.prefluencer.com/brands/kols/1303?social=instagram
陳語謙,https://www.prefluencer.com/brands/kols/1499?social=instagram
樂冠廷 阿樂YGT 📷 ╵景點╵旅遊╵住宿╵美食,https://www.prefluencer.com/brands/kols/5721?social=instagram
怪奇事物所 Incrediville,https://www.prefluencer.com/brands/kols/5059?social=instagram
HowHow,https://www.prefluencer.com/brands/kols/685?social=instagram
許凱皓,https://www.prefluencer.com/brands/kols/3069?social=instagram
李花fafa(˶‾᷄ ⁻̫ ‾᷅˵),https://www.prefluencer.com/brands/kols/3407?social=instagram
倪暄 Eli,https://www.prefluencer.com/brands/kols/4912?social=instagram
那些電影教我的事,https://www.prefluencer.com/brands/kols/1301?social=instagram
蕾菈 Lyla,https://www.prefluencer.com/brands/kols/2921?social=instagram
王君萍,https://www.prefluencer.com/brands/kols/148815?social=instagram
SOLO的玩樂指南 |台北美食|台中美食|桃園美食,https://www.prefluencer.com/brands/kols/2779?social=instagram
熊熊卓毓彤,https://www.prefluencer.com/brands/kols/1834?social=instagram
Jessica,https://www.prefluencer.com/brands/kols/4319?social=instagram
WINNI/溫妮,https://www.prefluencer.com/brands/kols/1840?social=instagram
榆兒の美食日記 | 超商| 超市| 手搖 | 省錢優惠,https://www.prefluencer.com/brands/kols/139189?social=instagram
V͟a͟v͟a͟,https://www.prefluencer.com/brands/kols/5433?social=instagram
sᴀɴᴅʏ&ᴍᴀɴᴅʏ,https://www.prefluencer.com/brands/kols/1094?social=instagram
泥泥汝niniru,https://www.prefluencer.com/brands/kols/2806?social=instagram
��𝐚𝐫𝐢𝐚 ♔ 阿部瑪利亞,https://www.prefluencer.com/brands/kols/6830?social=instagram
��趙宇喬🧡糖糖,https://www.prefluencer.com/brands/kols/10323?social=instagram
《煦暖曆》語錄日曆,https://www.prefluencer.com/brands/kols/119462?social=instagram
May Liu,https://www.prefluencer.com/brands/kols/117323?social=instagram
王以甯 𝙸 𝙽 𝙴 𝚂,https://www.prefluencer.com/brands/kols/2771?social=instagram
一隻阿圓,https://www.prefluencer.com/brands/kols/2387?social=instagram
GG.機機,https://www.prefluencer.com/brands/kols/1947?social=instagram
營養師高敏敏,https://www.prefluencer.com/brands/kols/1314?social=instagram
王思佳  𝙎𝙤𝙥𝙝𝙞𝙖  ♌︎,https://www.prefluencer.com/brands/kols/2179?social=instagram
陳伊¹ ¹ 🌈,https://www.prefluencer.com/brands/kols/2069?social=instagram
Foody 吃貨,https://www.prefluencer.com/brands/kols/4955?social=instagram
I an chen,https://www.prefluencer.com/brands/kols/1689?social=instagram
孟橙🩰🐰,https://www.prefluencer.com/brands/kols/5157?social=instagram
Nikki,https://www.prefluencer.com/brands/kols/5349?social=instagram
Zora,https://www.prefluencer.com/brands/kols/2420?social=instagram
林逸欣 Shara,https://www.prefluencer.com/brands/kols/729?social=instagram
KAZU ｜ 日本男子的日式家庭料理 TASTY NOTE,https://www.prefluencer.com/brands/kols/75484?social=instagram
陳艾琳 Chen Ai Ling,https://www.prefluencer.com/brands/kols/1173?social=instagram
IreneHuang媁媁,https://www.prefluencer.com/brands/kols/4304?social=instagram
Kerina*薛妞妞,https://www.prefluencer.com/brands/kols/1798?social=instagram
Ivy Chao,https://www.prefluencer.com/brands/kols/1825?social=instagram
吳速玲 Shuling Wu,https://www.prefluencer.com/brands/kols/1024?social=instagram
幹話心理學,https://www.prefluencer.com/brands/kols/6622?social=instagram
�� 云 ｜Tung Yun,https://www.prefluencer.com/brands/kols/9617?social=instagram
那對夫妻Nico&Kim,https://www.prefluencer.com/brands/kols/1010?social=instagram
反骨WACKYBOYS,https://www.prefluencer.com/brands/kols/115886?social=instagram
林萱瑜🐠🐟,https://www.prefluencer.com/brands/kols/1256?social=instagram
篠崎 泫,https://www.prefluencer.com/brands/kols/1613?social=instagram
吳姍儒 Sandy,https://www.prefluencer.com/brands/kols/1171?social=instagram
王依渟🍗,https://www.prefluencer.com/brands/kols/13489?social=instagram
林瑄 SHIUAN,https://www.prefluencer.com/brands/kols/989?social=instagram
許維恩,https://www.prefluencer.com/brands/kols/1108?social=instagram
NINA🍩🍟💛,https://www.prefluencer.com/brands/kols/1832?social=instagram
陳 怡鈞,https://www.prefluencer.com/brands/kols/148759?social=instagram
⭐️許路兒LureHsu⭐️,https://www.prefluencer.com/brands/kols/774?social=instagram
Charlene Liu 查理,https://www.prefluencer.com/brands/kols/1186?social=instagram
寂寞鱷魚,https://www.prefluencer.com/brands/kols/3061?social=instagram
玄玄 Sena,https://www.prefluencer.com/brands/kols/1622?social=instagram
球球 MiKa,https://www.prefluencer.com/brands/kols/2453?social=instagram
逸歡,https://www.prefluencer.com/brands/kols/777?social=instagram
可凡 一隻平凡的魔法少女,https://www.prefluencer.com/brands/kols/5164?social=instagram
古娃娃,https://www.prefluencer.com/brands/kols/1017?social=instagram
"Teddy泰迪 台中美食 Chen, Tai-Cheng",https://www.prefluencer.com/brands/kols/2845?social=instagram
妍安·ᴀɴɴ🦄,https://www.prefluencer.com/brands/kols/971?social=instagram
Angelina,https://www.prefluencer.com/brands/kols/953?social=instagram
戴資穎/Tai Tzu Ying,https://www.prefluencer.com/brands/kols/3662?social=instagram
品子,https://www.prefluencer.com/brands/kols/118640?social=instagram
Yun Chou,https://www.prefluencer.com/brands/kols/40441?social=instagram
林柏昇KID,https://www.prefluencer.com/brands/kols/1525?social=instagram
Bugcat Capoo,https://www.prefluencer.com/brands/kols/8465?social=instagram
cherng,https://www.prefluencer.com/brands/kols/1280?social=instagram
楊 勇緯 ヤン,https://www.prefluencer.com/brands/kols/98862?social=instagram
夏德萱,https://www.prefluencer.com/brands/kols/4195?social=instagram
張廉傑 RJ / 阿傑,https://www.prefluencer.com/brands/kols/2368?social=instagram
蔡常勇,https://www.prefluencer.com/brands/kols/1732?social=instagram
陳彥婷 Tiffany,https://www.prefluencer.com/brands/kols/1484?social=instagram
許紫柔 PURPLE,https://www.prefluencer.com/brands/kols/12050?social=instagram
Butterfly愷樂🦋,https://www.prefluencer.com/brands/kols/1601?social=instagram
��𝐮.儒妹,https://www.prefluencer.com/brands/kols/118935?social=instagram
Kelly Yang,https://www.prefluencer.com/brands/kols/780?social=instagram
柯佳嬿 Alice Ko,https://www.prefluencer.com/brands/kols/1313?social=instagram
鍾明軒,https://www.prefluencer.com/brands/kols/1737?social=instagram
阿滴英文,https://www.prefluencer.com/brands/kols/1418?social=instagram
"好味小姐與蛋捲,短褲,麻糊,米香,橘皮,本丸,圓仔",https://www.prefluencer.com/brands/kols/2457?social=instagram
溫舒森,https://www.prefluencer.com/brands/kols/1640?social=instagram
欸你這週要幹嘛,https://www.prefluencer.com/brands/kols/4722?social=instagram
H.H先生,https://www.prefluencer.com/brands/kols/1584?social=instagram
粿粿ᴍᴇɪɢᴏ,https://www.prefluencer.com/brands/kols/6666?social=instagram
紅豆妹（阿豆）,https://www.prefluencer.com/brands/kols/199501?social=instagram
黃大謙,https://www.prefluencer.com/brands/kols/1438?social=instagram
Ru儒哥,https://www.prefluencer.com/brands/kols/23396?social=instagram
赤鬼伯伯akaoni,https://www.prefluencer.com/brands/kols/13010?social=instagram
廢物女友,https://www.prefluencer.com/brands/kols/1996?social=instagram
林襄🍒,https://www.prefluencer.com/brands/kols/99464?social=instagram
萬秀的洗衣店｜WANT SHOW as young,https://www.prefluencer.com/brands/kols/117327?social=instagram
謝坤達,https://www.prefluencer.com/brands/kols/3582?social=instagram
金針菇🇰🇷쩐꾸,https://www.prefluencer.com/brands/kols/5863?social=instagram
BBBB酷琪琪,https://www.prefluencer.com/brands/kols/2814?social=instagram
林家謙 Terence Lam,https://www.prefluencer.com/brands/kols/31279?social=instagram
台南式,https://www.prefluencer.com/brands/kols/120674?social=instagram
❤                           黃琳,https://www.prefluencer.com/brands/kols/2276?social=instagram
黃山料,https://www.prefluencer.com/brands/kols/56336?social=instagram
美麗妄娜,https://www.prefluencer.com/brands/kols/14674?social=instagram
Nini 妮妮,https://www.prefluencer.com/brands/kols/4567?social=instagram
冬天 Grace PJ Shao,https://www.prefluencer.com/brands/kols/203528?social=instagram
賤葆ʕ•ᴥ•ʔ✨,https://www.prefluencer.com/brands/kols/115600?social=instagram
黃氏兄弟,https://www.prefluencer.com/brands/kols/1974?social=instagram
霸軒 BAXUAN,https://www.prefluencer.com/brands/kols/1381?social=instagram
林倩 🌹 Mercedes Lin,https://www.prefluencer.com/brands/kols/2447?social=instagram
邱 鋒 澤,https://www.prefluencer.com/brands/kols/5428?social=instagram
Lily Hsu,https://www.prefluencer.com/brands/kols/14151?social=instagram
愛莉莎莎 Alisasa 🐨,https://www.prefluencer.com/brands/kols/1628?social=instagram
鱷魚Nick 🐊 電影·迷因．影片分享 ⌫,https://www.prefluencer.com/brands/kols/22725?social=instagram
阿夜｜Marz23,https://www.prefluencer.com/brands/kols/10012?social=instagram
陳之漢,https://www.prefluencer.com/brands/kols/4350?social=instagram
變種吉娃娃,https://www.prefluencer.com/brands/kols/39295?social=instagram
Zαɱү 奎丁🌶️,https://www.prefluencer.com/brands/kols/2186?social=instagram
陳敬宣  Genie,https://www.prefluencer.com/brands/kols/1141?social=instagram
松鼠,https://www.prefluencer.com/brands/kols/111171?social=instagram
Peter Su,https://www.prefluencer.com/brands/kols/712?social=instagram
洗菜🏀,https://www.prefluencer.com/brands/kols/760?social=instagram
眾量級 CROWD,https://www.prefluencer.com/brands/kols/1459?social=instagram
嘎嫂二伯,https://www.prefluencer.com/brands/kols/1073?social=instagram
千千,https://www.prefluencer.com/brands/kols/1234?social=instagram
Joeman  九妹,https://www.prefluencer.com/brands/kols/278?social=instagram
陳零九  Nine Chen,https://www.prefluencer.com/brands/kols/711?social=instagram
黃阿瑪的後宮生活,https://www.prefluencer.com/brands/kols/2234?social=instagram
❕🍻江佑真-本本️️️️️(Alva)🥇🎏,https://www.prefluencer.com/brands/kols/1940?social=instagram
邰智源 邰邰的IG,https://www.prefluencer.com/brands/kols/16168?social=instagram
王齊麟,https://www.prefluencer.com/brands/kols/13637?social=instagram
李靚蕾 Jinglei,https://www.prefluencer.com/brands/kols/12310?social=instagram
邵雨薇IvyShao,https://www.prefluencer.com/brands/kols/1523?social=instagram
蔡桃貴,https://www.prefluencer.com/brands/kols/2793?social=instagram
曾敬驊,https://www.prefluencer.com/brands/kols/52935?social=instagram
簡廷芮Dewi Chien,https://www.prefluencer.com/brands/kols/1617?social=instagram
安啾 Anjou🍹,https://www.prefluencer.com/brands/kols/1413?social=instagram
曾博恩 Brian Tseng,https://www.prefluencer.com/brands/kols/48520?social=instagram
孫生,https://www.prefluencer.com/brands/kols/4417?social=instagram
牛排,https://www.prefluencer.com/brands/kols/5084?social=instagram
哲哲 ZHE,https://www.prefluencer.com/brands/kols/9363?social=instagram
Sunny Wang 王陽明,https://www.prefluencer.com/brands/kols/16383?social=instagram
Wei ² 瑋瑋,https://www.prefluencer.com/brands/kols/3698?social=instagram
崩壞的英文老師 Nina Hsieh,https://www.prefluencer.com/brands/kols/125392?social=instagram
ㄇㄚˊ幾(まちこ) ©YUKIJI,https://www.prefluencer.com/brands/kols/4299?social=instagram
施柏宇 Patrick,https://www.prefluencer.com/brands/kols/4076?social=instagram
放火Louis,https://www.prefluencer.com/brands/kols/1405?social=instagram
��𝐥𝐥𝐞 𝐋𝐢♡,https://www.prefluencer.com/brands/kols/9177?social=instagram
曾智希Simba🐒🗿,https://www.prefluencer.com/brands/kols/1146?social=instagram
依梨🐰,https://www.prefluencer.com/brands/kols/4557?social=instagram
宋偉恩 Wayne,https://www.prefluencer.com/brands/kols/4660?social=instagram
焦凡凡🤎,https://www.prefluencer.com/brands/kols/1179?social=instagram
孟潔MJ,https://www.prefluencer.com/brands/kols/5275?social=instagram
魏如萱 waa wei,https://www.prefluencer.com/brands/kols/1021?social=instagram
張雅涵Kimi,https://www.prefluencer.com/brands/kols/4283?social=instagram
Mita映晨,https://www.prefluencer.com/brands/kols/22444?social=instagram
莫莉 Molly Chiang,https://www.prefluencer.com/brands/kols/1794?social=instagram
快樂fun暑假,https://www.prefluencer.com/brands/kols/198787?social=instagram
Yuri陳怡叡,https://www.prefluencer.com/brands/kols/8918?social=instagram
李佳穎,https://www.prefluencer.com/brands/kols/4306?social=instagram
李千娜 (Singer . Actor),https://www.prefluencer.com/brands/kols/4442?social=instagram
蠟筆小新語錄,https://www.prefluencer.com/brands/kols/4803?social=instagram
鳳梨 吳泓逸,https://www.prefluencer.com/brands/kols/120175?social=instagram
黃偉晉 Wayne️️️,https://www.prefluencer.com/brands/kols/4433?social=instagram
巨鳥胃77 ｜旅遊分享、台北美食、日本美食｜Chi Wu,https://www.prefluencer.com/brands/kols/3130?social=instagram
林進 Lingin 林東進 飛醺卑鄙 Fashionbaby,https://www.prefluencer.com/brands/kols/1340?social=instagram
Rubis上晏,https://www.prefluencer.com/brands/kols/3707?social=instagram
Melody Liu 殷悅,https://www.prefluencer.com/brands/kols/4471?social=instagram
安婕希（小安）,https://www.prefluencer.com/brands/kols/1627?social=instagram
不朽 Taylor Lee,https://www.prefluencer.com/brands/kols/3589?social=instagram
曾莞婷✨🌟🌈,https://www.prefluencer.com/brands/kols/1521?social=instagram
這群人 尼克,https://www.prefluencer.com/brands/kols/24523?social=instagram
Evelyn Chen 理科太太,https://www.prefluencer.com/brands/kols/1335?social=instagram
Cheng.  范成章,https://www.prefluencer.com/brands/kols/2920?social=instagram
Duncan,https://www.prefluencer.com/brands/kols/1275?social=instagram
Karen Chao,https://www.prefluencer.com/brands/kols/1929?social=instagram
宜靜,https://www.prefluencer.com/brands/kols/1928?social=instagram
林艾融,https://www.prefluencer.com/brands/kols/13409?social=instagram
顏珛聿,https://www.prefluencer.com/brands/kols/14671?social=instagram
汗語字典,https://www.prefluencer.com/brands/kols/4543?social=instagram
wendy璇璇,https://www.prefluencer.com/brands/kols/24411?social=instagram
FHProductionHK熊仔頭,https://www.prefluencer.com/brands/kols/191253?social=instagram
張舒晴Annie,https://www.prefluencer.com/brands/kols/5234?social=instagram
蔡波能,https://www.prefluencer.com/brands/kols/94402?social=instagram
黑嘉嘉 Joanne Missingham,https://www.prefluencer.com/brands/kols/16993?social=instagram
家寧+0,https://www.prefluencer.com/brands/kols/4237?social=instagram
周曉涵 ᴬᴹᴬᴺᴰᴬ ᶜᴴᴼᵁ,https://www.prefluencer.com/brands/kols/4261?social=instagram
妮妮子,https://www.prefluencer.com/brands/kols/2573?social=instagram
歐陽妮妮,https://www.prefluencer.com/brands/kols/1501?social=instagram
連晨翔©Simon,https://www.prefluencer.com/brands/kols/4280?social=instagram
蕭芷渲𝐈𝐫𝐢𝐬,https://www.prefluencer.com/brands/kols/5066?social=instagram
Lulu黃路梓茵,https://www.prefluencer.com/brands/kols/1534?social=instagram
滴妹,https://www.prefluencer.com/brands/kols/1422?social=instagram
白癡公主,https://www.prefluencer.com/brands/kols/1338?social=instagram
唐綺陽 Jesse Tang,https://www.prefluencer.com/brands/kols/17150?social=instagram
郭婞淳 Hsing-Chun KUO,https://www.prefluencer.com/brands/kols/42311?social=instagram
琳妲-林羿禎💕,https://www.prefluencer.com/brands/kols/2992?social=instagram
Nono Ku 辜莞允,https://www.prefluencer.com/brands/kols/994?social=instagram
陳葳,https://www.prefluencer.com/brands/kols/25085?social=instagram
呱吉,https://www.prefluencer.com/brands/kols/2364?social=instagram
梁以辰,https://www.prefluencer.com/brands/kols/1197?social=instagram
小雲寶寶 yuna bao,https://www.prefluencer.com/brands/kols/2946?social=instagram
大蛇丸,https://www.prefluencer.com/brands/kols/5081?social=instagram
蔡瑞雪 SNOWBABY,https://www.prefluencer.com/brands/kols/913?social=instagram
知寒,https://www.prefluencer.com/brands/kols/4548?social=instagram
啾啾妹 by LIIN,https://www.prefluencer.com/brands/kols/1382?social=instagram
瑀熙Yuci🐷,https://www.prefluencer.com/brands/kols/2114?social=instagram
游否希,https://www.prefluencer.com/brands/kols/3646?social=instagram
貝莉莓💪,https://www.prefluencer.com/brands/kols/2574?social=instagram
我是阿樂🐹林妤臻🎏,https://www.prefluencer.com/brands/kols/4028?social=instagram
��RITA,https://www.prefluencer.com/brands/kols/2409?social=instagram
森田,https://www.prefluencer.com/brands/kols/884?social=instagram
中川秀美 Chloe,https://www.prefluencer.com/brands/kols/3031?social=instagram
邱宇辰 Chris,https://www.prefluencer.com/brands/kols/1294?social=instagram
SunnyLin 林采緹,https://www.prefluencer.com/brands/kols/3536?social=instagram
Ben Lee 李鴻賓,https://www.prefluencer.com/brands/kols/112737?social=instagram
這群人 TGOP,https://www.prefluencer.com/brands/kols/1433?social=instagram
凱琪 K7,https://www.prefluencer.com/brands/kols/2948?social=instagram
�� Rita 🌸   LIN  FANGYU,https://www.prefluencer.com/brands/kols/196996?social=instagram
鄭茵聲 Alina Cheng,https://www.prefluencer.com/brands/kols/1250?social=instagram
Jessie Lee 🐻,https://www.prefluencer.com/brands/kols/2410?social=instagram
李國毅,https://www.prefluencer.com/brands/kols/3456?social=instagram
巫苡萱 ❤,https://www.prefluencer.com/brands/kols/4517?social=instagram
Hsiu 〜修杰楷.   Lefthere,https://www.prefluencer.com/brands/kols/993?social=instagram
魚乾,https://www.prefluencer.com/brands/kols/1407?social=instagram
木曜4超玩,https://www.prefluencer.com/brands/kols/1632?social=instagram
DooEnglish,https://www.prefluencer.com/brands/kols/79949?social=instagram
麻糬爸與白爛貓家族,https://www.prefluencer.com/brands/kols/2001?social=instagram
杜衫杉 Du ShanShan🍀,https://www.prefluencer.com/brands/kols/2947?social=instagram
PopYummy 波波發胖,https://www.prefluencer.com/brands/kols/4321?social=instagram
張安琪（琪琪）,https://www.prefluencer.com/brands/kols/3430?social=instagram
方志友,https://www.prefluencer.com/brands/kols/4317?social=instagram
Andy老師,https://www.prefluencer.com/brands/kols/4352?social=instagram
KEKE帶我去旅行｜台灣旅遊｜台灣景點,https://www.prefluencer.com/brands/kols/5143?social=instagram
聞氫哥,https://www.prefluencer.com/brands/kols/1551?social=instagram
陳蘊予💕金莎Mira,https://www.prefluencer.com/brands/kols/2094?social=instagram
羽晴Min,https://www.prefluencer.com/brands/kols/11668?social=instagram
DenKa殿下/周荀,https://www.prefluencer.com/brands/kols/2300?social=instagram
Katie Chen🐒 陳語安,https://www.prefluencer.com/brands/kols/1029?social=instagram
張西 Ayri Chang,https://www.prefluencer.com/brands/kols/4737?social=instagram
☀️詹子晴丫頭☀️小闆娘,https://www.prefluencer.com/brands/kols/995?social=instagram
夏語心,https://www.prefluencer.com/brands/kols/1673?social=instagram
Chen Lily - 英文學習,https://www.prefluencer.com/brands/kols/9030?social=instagram
��. 梁云菲,https://www.prefluencer.com/brands/kols/873?social=instagram
趙采瑄Ning,https://www.prefluencer.com/brands/kols/4868?social=instagram
syuan,https://www.prefluencer.com/brands/kols/23968?social=instagram
林真亦YUNA,https://www.prefluencer.com/brands/kols/2828?social=instagram
大象發福廚房,https://www.prefluencer.com/brands/kols/10125?social=instagram
張楚珊 Jenny,https://www.prefluencer.com/brands/kols/1148?social=instagram
Lala 蘇心甯,https://www.prefluencer.com/brands/kols/928?social=instagram
台灣達人秀,https://www.prefluencer.com/brands/kols/4217?social=instagram
4foodie 台北 台中 高雄 台灣 東京 TAIPEI JAPAN US Food & Travel 4ORFOODIE,https://www.prefluencer.com/brands/kols/1939?social=instagram
小豬黃沐妍,https://www.prefluencer.com/brands/kols/1152?social=instagram
祈錦鈅Maxinechi,https://www.prefluencer.com/brands/kols/1495?social=instagram
山君𝖰𝖴𝖭🍩,https://www.prefluencer.com/brands/kols/6706?social=instagram
洋蔥先生與阿文,https://www.prefluencer.com/brands/kols/1317?social=instagram
吳心緹,https://www.prefluencer.com/brands/kols/1056?social=instagram
BYEBYECHUCHU,https://www.prefluencer.com/brands/kols/77?social=instagram
法律白話文運動 Plain Law Movement,https://www.prefluencer.com/brands/kols/116120?social=instagram
展榮 Keelong,https://www.prefluencer.com/brands/kols/1047?social=instagram
拐拐 Sabrina 許采晴,https://www.prefluencer.com/brands/kols/1260?social=instagram
貝蒂做便當,https://www.prefluencer.com/brands/kols/2915?social=instagram
小哥哥艾理,https://www.prefluencer.com/brands/kols/34974?social=instagram
小甜甜 張可昀,https://www.prefluencer.com/brands/kols/2178?social=instagram
成語蕎 Jenny ジェニー,https://www.prefluencer.com/brands/kols/1144?social=instagram
Kiwi Lee 李函,https://www.prefluencer.com/brands/kols/1077?social=instagram
好想去喔,https://www.prefluencer.com/brands/kols/119666?social=instagram
喬喬兒QQE / 紀馨喬,https://www.prefluencer.com/brands/kols/11455?social=instagram
Keanna Taiyh 💜 KT,https://www.prefluencer.com/brands/kols/3866?social=instagram
輕旅行,https://www.prefluencer.com/brands/kols/2185?social=instagram
Fairy  禹霏 🦕,https://www.prefluencer.com/brands/kols/2218?social=instagram
JoannaLin🎀沐沐,https://www.prefluencer.com/brands/kols/43960?social=instagram
DIZZY DIZZO ★ 蔡詩芸,https://www.prefluencer.com/brands/kols/1319?social=instagram
"𝓢𝓗𝓔𝓝 ,𝓣𝓢𝓐𝓘-𝓕𝓔𝓘",https://www.prefluencer.com/brands/kols/202553?social=instagram
展瑞 Monday Rays,https://www.prefluencer.com/brands/kols/1022?social=instagram
台灣達人秀插畫,https://www.prefluencer.com/brands/kols/4268?social=instagram
大羊,https://www.prefluencer.com/brands/kols/719?social=instagram
陸子玄Lois,https://www.prefluencer.com/brands/kols/5221?social=instagram
王柏傑 𝙒𝙖𝙣𝙜 𝙉𝙞𝙘𝙠（ Crazy Man 瘋男 ）,https://www.prefluencer.com/brands/kols/19552?social=instagram
保羅先生 / Mr. Paul,https://www.prefluencer.com/brands/kols/1772?social=instagram
奇軒 Xander,https://www.prefluencer.com/brands/kols/203992?social=instagram
Aries艾瑞絲,https://www.prefluencer.com/brands/kols/3886?social=instagram
FaFa蔡黃汝🌿🌼,https://www.prefluencer.com/brands/kols/1506?social=instagram
yuyu,https://www.prefluencer.com/brands/kols/945?social=instagram
憑果🍎 PinQ,https://www.prefluencer.com/brands/kols/4284?social=instagram
邵岱兒 Debbie🐢,https://www.prefluencer.com/brands/kols/987?social=instagram
元 元,https://www.prefluencer.com/brands/kols/4257?social=instagram
泱泱LYNN,https://www.prefluencer.com/brands/kols/1308?social=instagram
丘涵,https://www.prefluencer.com/brands/kols/3067?social=instagram
Lu's,https://www.prefluencer.com/brands/kols/1561?social=instagram
Emily Lee,https://www.prefluencer.com/brands/kols/2839?social=instagram
喬歆💋瑤瑤,https://www.prefluencer.com/brands/kols/4445?social=instagram
Apple🍎,https://www.prefluencer.com/brands/kols/1505?social=instagram
Stephanie Teh,https://www.prefluencer.com/brands/kols/4289?social=instagram
咪妃,https://www.prefluencer.com/brands/kols/932?social=instagram
Lulu,https://www.prefluencer.com/brands/kols/5241?social=instagram
張景嵐,https://www.prefluencer.com/brands/kols/880?social=instagram
璇璇 Xuan,https://www.prefluencer.com/brands/kols/982?social=instagram
��呂妍芯 𝐘 𝐚 𝐧 𝐛 𝐚 𝐛 𝐲,https://www.prefluencer.com/brands/kols/2421?social=instagram
王盈,https://www.prefluencer.com/brands/kols/32574?social=instagram
