KOL ID,KOL名字,追蹤數,平均貼文互動數,Instagram 網址,Facebook 網址,產業分類,外型/形象,合作品項,子頁網址
5245,樂擎,1050000,89000,https://www.instagram.com/luke7459/,https://www.facebook.com/profile.php?id=100044253048139,藝文,"作家, 養狗, 單眼皮",閱讀知性,https://www.prefluencer.com/brands/kols/5245
199407,Chin 沁柔  🍒✨,398000,36000,https://www.instagram.com/yuchinjou/,https://www.facebook.com/profile.php?id=100080421850593,"3C, 美妝保養, 影視娛樂, 餐飲, 旅遊, 時尚精品業, 食品飲料, 公益, 風格穿搭, 藝文, 醫美",None,None,https://www.prefluencer.com/brands/kols/199407
3521,林莎 • 03,1070000,36000,https://www.instagram.com/superlisa821/,https://www.facebook.com/lisa821/,"美妝保養, 家電與家居用品, 影視娛樂, 餐飲, 食品飲料","長髮, 常在台灣, 日韓甜美, 實況主, 主持人","日常用品, 所有保養, 飲品, 運動休閒, 內睡衣",https://www.prefluencer.com/brands/kols/3521
4324,梓梓 董梓甯,856000,32000,https://www.instagram.com/t40533/,https://www.facebook.com/loveChloebaby/,"3C, 美妝保養, 家電與家居用品, 影視娛樂, 投資理財, 親子, 餐飲, 旅遊, 時尚精品業, 醫療保健, 運動, 寵物, 食品飲料, 住宿, 知識學習, 公益, 電競手遊, 其他, 風格穿搭, 汽機車, 房產建築, 酒類, APP, 藝文, 醫美, 烹飪料理","長髮, 常在台灣, 養貓, 陽光健康, 主持人, 歌手, 熱愛跳舞, Dancer, 藝人/名人, 雙眼皮, 有穿耳洞, 光療指甲, 四門車","日常用品, 所有保養, 所有美食, 活動展覽, 保健, 運動休閒, 所有彩妝, 保濕修護, 清潔產品, 貓咪相關, 內睡衣, 泳衣",https://www.prefluencer.com/brands/kols/4324
16012,薔薔 林嘉凌 Lin chia ling,371000,32000,https://www.instagram.com/chialing_maze/,https://www.facebook.com/djmazetw/,"美妝保養, 影視娛樂, 食品飲料, 酒類","長髮, 陽光健康, 歐美時尚, 性感火辣, 歐美妝容, 通告藝人, 刺青, 小麥肌, 雙眼皮, 厚唇, 有穿耳洞, 限制級內容","服飾穿搭, 所有酒類, 活動展覽, 泳裝",https://www.prefluencer.com/brands/kols/16012
3353,莊酷炫,417000,30000,https://www.instagram.com/kevin0204660/,https://www.facebook.com/profile.php?id=100044161193139,"3C, 投資理財, 旅遊, 時尚精品業, 運動, 住宿, 電競手遊, 其他, 風格穿搭, 房產建築, 酒類, APP","平價親民, 常在台灣, Kuso娛樂, 單眼皮","日常用品, 所有3C, 活動展覽, 運動休閒, 髮品, 手遊",https://www.prefluencer.com/brands/kols/3353
1296,佩諭🐰,558000,28000,https://www.instagram.com/bo522/,https://www.facebook.com/bo522/,"3C, 美妝保養, 餐飲, 旅遊, 食品飲料, APP","長髮, 平價親民, 熱愛國外旅遊, 常在台灣, Kuso娛樂, 雙眼皮","旅遊, 日常用品, 所有保養, 所有美食, 所有3C, 飲品, 面膜, APP, 甜點/零食",https://www.prefluencer.com/brands/kols/1296
1624,𝑁𝑖𝑘𝑖𝑡𝑎 𝐻𝑠𝑢 ♡舒子晨,420000,23000,https://www.instagram.com/nikita.hsu/,https://www.facebook.com/nikita5201314/,"美妝保養, 影視娛樂, 運動","養狗, 常在台灣, 短髮女孩, 運動健身, 陽光健康, 韓系妝感, Dancer, 藝人/名人, 雙眼皮, 有穿耳洞, 光療指甲","所有保養, 鞋包配飾, 保健, 運動休閒, 狗狗相關, 內睡衣",https://www.prefluencer.com/brands/kols/1624
4575,𝙏𝙪𝙩𝙪 ♡ 趙兔兔,471000,21000,https://www.instagram.com/rabbiilovey/,https://www.facebook.com/rabbiilovey.22/,"3C, 家電與家居用品, 影視娛樂, 餐飲, 時尚精品業, 運動, 寵物, 食品飲料, 住宿, 公益, 電競手遊, 風格穿搭, APP","長髮, 常在台灣, 日韓甜美, 養貓, 清淡妝感, 嬌小, 實況主","鞋包配飾, 保健, APP, 手遊, 手搖茶飲",https://www.prefluencer.com/brands/kols/4575
915,張香香🍕🦦,706000,18000,https://www.instagram.com/m40925/,https://www.facebook.com/Mododo/,"3C, 美妝保養, 家電與家居用品, 影視娛樂, 投資理財, 餐飲, 旅遊, 時尚精品業, 醫療保健, 運動, 寵物, 食品飲料, 住宿, 知識學習, 公益, 電競手遊, 其他, 風格穿搭, 房產建築, 酒類, APP, 藝文, 醫美, 烹飪料理","長髮, 美食美酒, 清淡妝感, 性感火辣, 宅男女神","日常用品, 所有保養, 所有美食, 所有彩妝",https://www.prefluencer.com/brands/kols/915
120953,小豬豬的奇幻冒險 旅遊 親子 住宿 美食 露營 玩具,1450000,18000,https://www.instagram.com/chuchuchen0522/,https://www.facebook.com/rickybtx007/,"親子, 餐飲, 旅遊, 風格穿搭, 藝文","親子, 平價親民, 美食美酒, 熱愛國內旅遊, 常在台灣","旅遊, 日常用品, 親子用品, 所有美食, 甜點/零食, 餐廳",https://www.prefluencer.com/brands/kols/120953
1303,豆漿-SoybeanMilk,428000,16000,https://www.instagram.com/soybeanmilk_cat/,https://www.facebook.com/SoybeanMilkCat/,寵物,"常在台灣, 養貓","所有3C, 貓咪相關",https://www.prefluencer.com/brands/kols/1303
1499,陳語謙,601000,15000,https://www.instagram.com/cyc.85/,https://www.facebook.com/cyc.85417/,"3C, 美妝保養, 家電與家居用品, 親子, 旅遊, 時尚精品業, 醫療保健, 寵物, 食品飲料, 住宿, 風格穿搭","長髮, 優雅氣質, 日韓甜美, 零食, 乾性肌膚","所有保養, 所有美食, 飲品, 服飾穿搭, 保健, 所有彩妝, 底妝",https://www.prefluencer.com/brands/kols/1499
5721,樂冠廷 阿樂YGT 📷 ╵景點╵旅遊╵住宿╵美食,601000,15000,https://www.instagram.com/ygt1016/,https://www.facebook.com/guanting.le/,"3C, 餐飲, 旅遊, 食品飲料, 住宿, 其他","品味生活, 美食美酒, 常在台灣, 甜點, 陽光健康, 風格攝影","旅遊, 料理, 烈酒, 甜點/零食, 啤酒",https://www.prefluencer.com/brands/kols/5721
5059,怪奇事物所 Incrediville,560000,14000,https://www.instagram.com/incrediville_tw/,https://www.facebook.com/IncredivilleTW/,"寵物, 知識學習, 藝文",None,None,https://www.prefluencer.com/brands/kols/5059
685,HowHow,476000,13000,https://www.instagram.com/howhowhasfriends/,https://www.facebook.com/howfunofficial/,"3C, 美妝保養, 家電與家居用品, 影視娛樂, 餐飲, 時尚精品業, 寵物, 食品飲料, 住宿, 公益, 電競手遊, 其他, 風格穿搭, 汽機車, APP, 藝文, 烹飪料理","遊戲, 平價親民, 養狗, 常在台灣, Kuso娛樂, 樂器, 雙眼皮, 無耳洞","旅遊, 所有美食, 所有3C, 飲品, 所有酒類, 活動展覽, APP, 甜點/零食, 所有遊戲, 角色扮演遊戲, 啤酒, 競速遊戲",https://www.prefluencer.com/brands/kols/685
3069,許凱皓,558000,12000,https://www.instagram.com/lockingjack/,https://www.facebook.com/profile.php?id=100044236878992,"美妝保養, 家電與家居用品, 食品飲料, 風格穿搭, 酒類","常在台灣, 養貓, 陽光健康, 英文, 熱愛跳舞, 潮流, 校園清新, 藝人/名人, 雙眼皮, 有穿耳洞","日常用品, 精品/錶, 所有保養, 鞋包配飾, 所有3C, 飲品, 服飾穿搭, 運動休閒, 面膜",https://www.prefluencer.com/brands/kols/3069
3407,李花fafa(˶‾᷄ ⁻̫ ‾᷅˵),398000,12000,https://www.instagram.com/fafaa728/,https://www.facebook.com/sunny9920220/,"美妝保養, 旅遊, 食品飲料, 風格穿搭, 酒類","長髮, 美食美酒, 零食, 長腿, 實況主, 宅男女神","旅遊, 所有美食, 所有3C, 飲品, 服飾穿搭, 美妝, 保養",https://www.prefluencer.com/brands/kols/3407
4912,倪暄 Eli,330000,11000,https://www.instagram.com/eli_o528/,https://www.facebook.com/LinNiEli528/,"美妝保養, 旅遊, 運動, 食品飲料","長髮, 平價親民, 常在台灣, 日韓甜美, 清淡妝感","所有保養, 所有美食, 所有3C, 運動休閒, 所有彩妝",https://www.prefluencer.com/brands/kols/4912
1301,那些電影教我的事,1520000,10000,https://www.instagram.com/lessonsfrommovies/,https://www.facebook.com/lessonsfrommovies/,"3C, 美妝保養, 家電與家居用品, 影視娛樂, 親子, 餐飲, 旅遊, 時尚精品業, 醫療保健, 運動, 寵物, 食品飲料, 知識學習, 公益, 電競手遊, 其他, 汽機車, 酒類, APP, 藝文, 烹飪料理","知識型, 影評, 常在台灣, 夫妻情侶",閱讀知性,https://www.prefluencer.com/brands/kols/1301
2921,蕾菈 Lyla,1250000,10000,https://www.instagram.com/la.112814/,https://www.facebook.com/lyla.0814/,"美妝保養, 家電與家居用品, 旅遊, 時尚精品業, 寵物, 食品飲料, 電競手遊, 風格穿搭, APP, 醫美","養狗, 常在台灣, 短髮女孩, Kuso娛樂, 運動健身, 性感火辣, 網拍/平面模特兒, 混血兒, 有穿耳洞, 光療指甲, 限制級內容","所有保養, 做過醫美, 運動休閒, 髮品, 內睡衣, 手遊, SPA護膚",https://www.prefluencer.com/brands/kols/2921
148815,王君萍,988000,10000,https://www.instagram.com/ping7446/,https://www.facebook.com/chun.wang.987/,"美妝保養, 家電與家居用品, 親子, 旅遊, 時尚精品業, 醫療保健, 寵物, 食品飲料, 住宿, 知識學習, 烹飪料理","親子, 常在歐洲, 平價親民, 生活質感","家電, 居家生活, 旅遊, 日常用品, 親子用品, 所有保養, 所有美食, 所有3C, 飲品, 服飾穿搭, 料理, 保健, 運動休閒, 抗老保養, 內睡衣",https://www.prefluencer.com/brands/kols/148815
2779,SOLO的玩樂指南 |台北美食|台中美食|桃園美食,404000,10000,https://www.instagram.com/solo_guide/,None,"旅遊, 食品飲料","平價親民, 美食美酒, 熱愛國內旅遊, 西式料理, 中式料理, 傳統小吃, 甜點","所有美食, 飲品, 所有酒類, 甜點/零食, 餐廳, 手搖茶飲, 速食",https://www.prefluencer.com/brands/kols/2779
1834,熊熊卓毓彤,824000,10000,https://www.instagram.com/beargenie/,https://www.facebook.com/BearGenie/,"美妝保養, 影視娛樂, 餐飲, 旅遊, 食品飲料","養狗, 常在台灣, 短髮女孩, 清淡妝感, 陽光健康, 演員, 性感火辣, 宅男女神, 藝人/名人, 雙眼皮, 有穿耳洞","旅遊, 鞋包配飾, 所有美食, 飲品, 保健, 狗狗相關, 內睡衣, 餐廳",https://www.prefluencer.com/brands/kols/1834
4319,Jessica,425000,9827,https://www.instagram.com/jessicababyfat/,https://www.facebook.com/Jessicababyfattw/,"美妝保養, 親子, 旅遊, 醫療保健, 運動, 食品飲料, 風格穿搭","長髮, 常在台灣, 清淡妝感, 運動健身, 陽光健康, 健康飲食/生酮, 英文, 熱愛健身, 小麥肌, 雙眼皮, 厚唇","所有保養, 保健, 運動休閒, 所有彩妝, 母嬰用品, 泳裝, 美甲美睫",https://www.prefluencer.com/brands/kols/4319
1840,WINNI/溫妮,944000,8860,https://www.instagram.com/yuen_nnnnnn/,https://www.facebook.com/SMALLWINNI/,"美妝保養, 風格穿搭","品味生活, 常在台灣, 日韓甜美, 清淡妝感, 中長髮, 藝人/名人, 雙眼皮","日常用品, 精品/錶, 所有保養, 鞋包配飾, 服飾穿搭, 所有彩妝",https://www.prefluencer.com/brands/kols/1840
139189,榆兒の美食日記 | 超商| 超市| 手搖 | 省錢優惠,306000,8791,https://www.instagram.com/foodiee_diaryy/,https://www.facebook.com/%e6%a6%86%e5%85%92%e3%81%ae%e7%be%8e%e9%a3%9f%e6%97%a5%e8%a8%98-102296655744900/,"食品飲料, 其他, 烹飪料理","平價親民, 團購","所有美食, 飲品, 甜點/零食, 手搖茶飲, 速食",https://www.prefluencer.com/brands/kols/139189
5433,V͟a͟v͟a͟,308000,8373,https://www.instagram.com/rachellievava/,https://www.facebook.com/rachellievava/,"美妝保養, 家電與家居用品, 旅遊, 食品飲料, 風格穿搭","長髮, 優雅氣質, 生活質感, 日韓甜美, 長腿, 乾性肌膚","旅遊, 日常用品, 所有保養, 飲品, 服飾穿搭, 所有彩妝",https://www.prefluencer.com/brands/kols/5433
1094,sᴀɴᴅʏ&ᴍᴀɴᴅʏ,468000,8156,https://www.instagram.com/sandymandy_official/,https://www.facebook.com/sandymandy0731/,"3C, 美妝保養, 家電與家居用品, 影視娛樂, 投資理財, 餐飲, 旅遊, 時尚精品業, 醫療保健, 運動, 食品飲料, 住宿, 知識學習, 公益, 電競手遊, 風格穿搭, 汽機車, 房產建築, 酒類, APP, 藝文, 醫美, 烹飪料理","長髮, 優雅氣質, 平價親民, 常在台灣, 日韓甜美, 清淡妝感, 熱愛跳舞, 校園清新","所有保養, 鞋包配飾, 飲品, 服飾穿搭, 所有彩妝, 保濕修護",https://www.prefluencer.com/brands/kols/1094
2806,泥泥汝niniru,300000,8089,https://www.instagram.com/niniru621/,https://www.facebook.com/niniru621/,"3C, 美妝保養, 家電與家居用品, 旅遊, 時尚精品業, 寵物, 食品飲料, 住宿, 知識學習, 電競手遊, 風格穿搭, 藝文, 醫美","遊戲, 長髮, 平價親民, 養狗, 常在台灣, 清淡妝感, 長腿, 實況主, 單眼皮, 有穿耳洞","所有保養, 所有3C, 服飾穿搭, 所有彩妝, 眼妝, 髮品, 清潔產品, APP, 內睡衣, 耳機",https://www.prefluencer.com/brands/kols/2806
6830,𝐌𝐚𝐫𝐢𝐚 ♔ 阿部瑪利亞,447000,7820,https://www.instagram.com/_abedesu/,https://www.facebook.com/CamerabayAbe/,"影視娛樂, 餐飲, 旅遊, 食品飲料, 風格穿搭, 烹飪料理","長髮, 養貓, 清淡妝感, 長腿, 藝人/名人, 日文, 會講中文的外國人, 常在台灣的日本人, 雙眼皮, 有穿耳洞, 光療指甲",活動展覽,https://www.prefluencer.com/brands/kols/6830
10323,🧡趙宇喬🧡糖糖,417000,7686,https://www.instagram.com/choo7077/,https://www.facebook.com/chubbyccc/,"美妝保養, 家電與家居用品, 餐飲, 旅遊, 寵物","品味生活, 生活質感, 短髮女孩, 日韓甜美, 熱愛跳舞, 性感火辣, ShowGirl, 直播主, 醫生/護理師, 雙眼皮","日常用品, 精品/錶, 所有保養, 鞋包配飾, 服飾穿搭, 所有彩妝, 內睡衣, 泳裝",https://www.prefluencer.com/brands/kols/10323
119462,《煦暖曆》語錄日曆,327000,7116,https://www.instagram.com/daily_quotes_calendar/,https://www.facebook.com/daily.quotes.calendar/,藝文,"風格攝影, 語錄",閱讀知性,https://www.prefluencer.com/brands/kols/119462
117323,May Liu,332000,6582,https://www.instagram.com/may8572fit/,https://www.facebook.com/may8572fit/,"美妝保養, 運動, 食品飲料, 烹飪料理","常在台灣, 運動健身, 混合肌, 陽光健康, 歐美時尚, 健康飲食/生酮, 歐美妝容, 雙眼皮, 有穿耳洞","所有美食, 飲品, 服飾穿搭, 料理, 保健, 運動休閒, 所有彩妝, 內睡衣",https://www.prefluencer.com/brands/kols/117323
2771,王以甯 𝙸 𝙽 𝙴 𝚂,339000,6430,https://www.instagram.com/inesinesw/,https://www.facebook.com/inesinesw.fans/,"3C, 美妝保養, 家電與家居用品, 餐飲, 旅遊, 時尚精品業, 運動, 食品飲料, 住宿, 風格穿搭, 藝文","長髮, 優雅氣質, 生活質感, 運動健身, 陽光健康","旅遊, 所有保養, 服飾穿搭, 所有酒類, 保健, 運動休閒, 所有彩妝, 唇彩, 保濕修護, 美白淡斑",https://www.prefluencer.com/brands/kols/2771
2387,一隻阿圓,534000,6366,https://www.instagram.com/nanaciaociao/,https://www.facebook.com/nanciaociao/,"美妝保養, 家電與家居用品, 旅遊, 食品飲料, 風格穿搭","平價親民, 養狗, 常在台灣, 短髮女孩, 日韓甜美, 混合肌, 甜點, 韓系妝感, 國外留學, 雙眼皮, 有穿耳洞","旅遊, 所有保養, 所有美食, 服飾穿搭, 運動休閒, 所有彩妝, 內睡衣, 泳裝, 生活用品",https://www.prefluencer.com/brands/kols/2387
1947,GG.機機,630000,5821,https://www.instagram.com/ggshacylin/,https://www.facebook.com/ggshacylinn/,"旅遊, 時尚精品業, 運動, 食品飲料, 電競手遊","長髮, 嬌小, 歐美時尚, 性感火辣, 宅男女神, 愛健身","飲品, 活動展覽, 運動休閒, 內睡衣, 所有遊戲",https://www.prefluencer.com/brands/kols/1947
1314,營養師高敏敏,316000,5412,https://www.instagram.com/minmin_rd/,https://www.facebook.com/Dr.Remin/,醫療保健,"品味生活, 長髮, 輕熟女, 優雅氣質, 常在台灣, 生活質感, 醫學背景, 通告藝人, 營養師, 有穿耳洞","家電, 旅遊, 親子用品, 所有保養, 保健, 抗老保養, 所有家電",https://www.prefluencer.com/brands/kols/1314
2179,王思佳  𝙎𝙤𝙥𝙝𝙞𝙖  ♌︎,343000,5047,https://www.instagram.com/pinksophia0818/,https://www.facebook.com/Wangsijia0818/,"美妝保養, 家電與家居用品, 影視娛樂, 時尚精品業, 醫療保健","長髮, 熱愛國內旅遊, 熱愛國外旅遊, 養狗, 常在台灣, 精品貴婦, 藝人/名人, 雙眼皮","日常用品, 精品/錶, 所有保養, 活動展覽, 保健, 所有彩妝, 保濕修護, 狗狗相關",https://www.prefluencer.com/brands/kols/2179
2069,陳伊¹ ¹ 🌈,528000,4053,https://www.instagram.com/bobeyiyi/,https://www.facebook.com/luckyqmei/,"家電與家居用品, 旅遊, 食品飲料","長髮, 常在台灣, 清淡妝感, 運動健身, 陽光健康, 雙眼皮","旅遊, 日常用品, 所有保養, 所有美食, 飲品, 所有酒類, 保濕修護, 內睡衣, 泳裝, 啤酒",https://www.prefluencer.com/brands/kols/2069
4955,Foody 吃貨,314000,3895,https://www.instagram.com/foody_tw/,https://www.facebook.com/foodytw/,"3C, 家電與家居用品, 餐飲, 旅遊, 食品飲料","美食美酒, 傳統小吃, 甜點, 創意料理, 便利商店達人","飲品, 甜點/零食, 手搖茶飲, 速食",https://www.prefluencer.com/brands/kols/4955
1689,I an chen,372000,3736,https://www.instagram.com/ooxxq60297ya/,https://www.facebook.com/ooxxq60297ya/,"美妝保養, 時尚精品業, 風格穿搭","品味生活, 長髮, 養貓, 個性, 韓系妝感, 網拍/平面模特兒, 雙眼皮, 有穿耳洞, 光療指甲","所有保養, 做過醫美, 服飾穿搭, 所有彩妝, 唇彩, 保濕修護",https://www.prefluencer.com/brands/kols/1689
5157,孟橙🩰🐰,360000,3449,https://www.instagram.com/estherx118/,https://www.facebook.com/kittiemeowmii/,"3C, 運動, 食品飲料, 電競手遊, 風格穿搭","長髮, 常在台灣, 清淡妝感, 運動健身, 實況主, 性感火辣, ShowGirl, 外拍模特兒, Dancer, 熱愛健身, 雙眼皮","旅遊, 日常用品, 飲品, 活動展覽, 保健, 運動休閒, 髮品, 甜點/零食, 內睡衣, 泳裝, 手遊, 手機, 角色扮演遊戲, RPG遊戲, 喇叭/揚聲器, 手搖茶飲, 耳機, 電腦, 遊戲機, 筆記型電腦",https://www.prefluencer.com/brands/kols/5157
5349,Nikki,364000,3329,https://www.instagram.com/nikki.919/,https://www.facebook.com/Nikki830919/,"美妝保養, 旅遊, 食品飲料, 風格穿搭","長髮, 美食美酒, 混合肌, 乾性肌膚, 性感火辣","日常用品, 所有保養, 所有美食, 飲品, 服飾穿搭, 所有彩妝, 內睡衣",https://www.prefluencer.com/brands/kols/5349
2420,Zora,335000,3299,https://www.instagram.com/zora_1024/,https://www.facebook.com/zora1024/,"3C, 美妝保養, 家電與家居用品, 餐飲, 旅遊, 時尚精品業, 食品飲料, 風格穿搭, 汽機車","長髮, 平價親民, 常在台灣, 日韓甜美, 混合肌, 長腿","旅遊, 日常用品, 所有保養, 飲品, 服飾穿搭, 活動展覽, 保健, 所有彩妝",https://www.prefluencer.com/brands/kols/2420
729,林逸欣 Shara,314000,2669,https://www.instagram.com/sharalinmusic/,https://www.facebook.com/iamsharalin/,"美妝保養, 家電與家居用品, 時尚精品業, 食品飲料, 風格穿搭","優雅氣質, 國內旅遊, 常在台灣, 養貓, 清淡妝感, 中長髮, 長腿, 嬌小, 演員, 歌手, 藝人/名人, 有穿耳洞","旅遊, 所有保養, 鞋包配飾, 所有美食, 服飾穿搭, 保健, 美白淡斑",https://www.prefluencer.com/brands/kols/729
75484,KAZU ｜ 日本男子的日式家庭料理 TASTY NOTE,344000,1711,https://www.instagram.com/tasty.note/,https://www.facebook.com/tastynote.tw/,"家電與家居用品, 食品飲料, 酒類, 烹飪料理","中式料理, 日文, 會講中文的外國人, 常在台灣的日本人, 單眼皮, 無耳洞","所有美食, 料理, 氣炸鍋, 所有家電",https://www.prefluencer.com/brands/kols/75484
1173,陳艾琳 Chen Ai Ling,390000,1452,https://www.instagram.com/chen_ai_ling51/,https://www.facebook.com/%e9%99%b3%e8%89%be%e7%90%b3-175499746358/,"美妝保養, 家電與家居用品, 親子, 時尚精品業, 風格穿搭","親子, 品味生活, 輕熟女, 生活質感, Model, 精品, 熱愛潛水, 藝人/名人","精品/錶, 所有保養, 鞋包配飾, 服飾穿搭, 所有彩妝, 唇彩, 保濕修護",https://www.prefluencer.com/brands/kols/1173
4304,IreneHuang媁媁,448000,750,https://www.instagram.com/irenehuang8030/,https://www.facebook.com/profile.php?id=100044160982855,"3C, 家電與家居用品, 時尚精品業, 知識學習, 風格穿搭","長髮, 養貓, 性感火辣, 宅男女神, ShowGirl, 直播主, 雙眼皮, 有穿耳洞, 光療指甲, 限制級內容","所有美食, 內睡衣, 所有遊戲, 泳裝, 餐廳",https://www.prefluencer.com/brands/kols/4304
1798,Kerina*薛妞妞,476000,719,https://www.instagram.com/kerina_hsueh/,https://www.facebook.com/kerinaFB/,"美妝保養, 家電與家居用品, 旅遊, 時尚精品業, 風格穿搭","品味生活, 平價親民, 美食美酒, 生活質感, 短髮女孩, Model","家電, 旅遊, 日常用品, 精品/錶, 所有保養, 鞋包配飾, 所有美食, 服飾穿搭, 活動展覽, 所有彩妝",https://www.prefluencer.com/brands/kols/1798
1825,Ivy Chao,331000,93,https://www.instagram.com/weicutey/,https://www.facebook.com/imivychao/,"美妝保養, 家電與家居用品, 旅遊, 時尚精品業, 風格穿搭","品味生活, 輕熟女, 優雅氣質, 美食美酒, 生活質感, 中長髮, 雙眼皮, 有穿耳洞, 光療指甲","日常用品, 所有保養, 鞋包配飾, 所有美食, 服飾穿搭, 所有彩妝, 底妝, 餐廳",https://www.prefluencer.com/brands/kols/1825
1024,吳速玲 Shuling Wu,359000,45,https://www.instagram.com/5400wu/,https://www.facebook.com/Mama540/,"美妝保養, 家電與家居用品, 親子, 時尚精品業, 風格穿搭","親子, 長髮, 輕熟女, 生活質感, 清淡妝感, 運動健身, 長腿","閱讀知性, 旅遊, 親子用品, 精品/錶, 所有保養, 鞋包配飾, 服飾穿搭, 活動展覽, 所有彩妝",https://www.prefluencer.com/brands/kols/1024
6622,幹話心理學,589000,22,https://www.instagram.com/kobepsychology/,https://www.facebook.com/kobepsychology/,藝文,插畫創作,"閱讀知性, 所有美食",https://www.prefluencer.com/brands/kols/6622
9617,💎 云 ｜Tung Yun,304000,113000,https://www.instagram.com/_tonyun/,https://www.facebook.com/tonyun0304/,"食品飲料, 風格穿搭","平價親民, 養狗, 常在台灣, 短髮女孩, 清淡妝感, Kuso娛樂, 敏感肌, 雙眼皮, 有穿耳洞, 中性女生, 機車","車類, 旅遊, 日常用品, 精品/錶, 鞋包配飾, 所有美食, 服飾穿搭, 面膜, 保濕修護, 清潔產品, 狗狗相關, APP, 甜點/零食, UV, 手搖茶飲",https://www.prefluencer.com/brands/kols/9617
1010,那對夫妻Nico&Kim,1020000,28000,https://www.instagram.com/1006nk/,https://www.facebook.com/1006nk/,"3C, 美妝保養, 家電與家居用品, 影視娛樂, 親子, 餐飲, 旅遊, 時尚精品業, 醫療保健, 運動, 食品飲料, 住宿, 知識學習, 公益, 電競手遊, 其他, 風格穿搭, 汽機車, 房產建築, 酒類, APP, 藝文, 醫美, 烹飪料理","親子, 品味生活, 熱愛國內旅遊, 熱愛國外旅遊, Kuso娛樂, 兩性關係, 夫妻情侶","旅遊, 日常用品, 親子用品, 所有保養, 所有美食, 母嬰用品, 甜點/零食, 所有家電",https://www.prefluencer.com/brands/kols/1010
115886,反骨WACKYBOYS,389000,16000,https://www.instagram.com/wackyboys520/,https://www.facebook.com/Wackyboys.Fans/,"3C, 影視娛樂, 餐飲, 電競手遊","常在台灣, Kuso娛樂, 限制級內容","所有遊戲, 手遊, 角色扮演遊戲",https://www.prefluencer.com/brands/kols/115886
1256,林萱瑜🐠🐟,357000,16000,https://www.instagram.com/kininii/,https://www.facebook.com/kiki0612410/,"美妝保養, 影視娛樂, 食品飲料, 風格穿搭","長髮, 日韓甜美, 清淡妝感, 藝人/名人","所有保養, 鞋包配飾, 所有美食, 服飾穿搭",https://www.prefluencer.com/brands/kols/1256
1613,篠崎 泫,606000,15000,https://www.instagram.com/hsyan0625/,https://www.facebook.com/hsyan0625/,"美妝保養, 餐飲, 旅遊, 時尚精品業, 風格穿搭","長髮, 常在台灣, 日韓甜美, 養貓, 風格攝影, 性感火辣, 藝人/名人, 雙眼皮, 有穿耳洞, 光療指甲","鞋包配飾, 所有美食, 服飾穿搭, 保健, 面膜, 內睡衣",https://www.prefluencer.com/brands/kols/1613
1171,吳姍儒 Sandy,822000,14000,https://www.instagram.com/sandywis/,https://www.facebook.com/sandywuofficial/,"美妝保養, 影視娛樂, 時尚精品業, 風格穿搭","長髮, 常在台灣, 生活質感, 養貓, 歐美時尚, 藝人/名人, 雙眼皮, 有穿耳洞, 光療指甲","日常用品, 精品/錶, 所有保養, 鞋包配飾, 服飾穿搭, 保健, 所有彩妝, 面膜, 髮品, 保濕修護",https://www.prefluencer.com/brands/kols/1171
13489,王依渟🍗,352000,14000,https://www.instagram.com/et.1231/,https://www.facebook.com/amoiamoiet/,"3C, 美妝保養, 家電與家居用品, 影視娛樂, 旅遊, 運動, 食品飲料, 電競手遊, APP, 醫美","長髮, 熱愛國外旅遊, 常在台灣, 日韓甜美, 運動健身, 熱愛唱歌, 韓系妝感, 直播主, 樂器, 刺青, 雙眼皮, 有穿耳洞, 光療指甲","旅遊, 所有保養, 做過醫美, 所有3C, 活動展覽, 筆記型電腦",https://www.prefluencer.com/brands/kols/13489
1108,許維恩,642000,12000,https://www.instagram.com/sharon701111/,https://www.facebook.com/sharongarden1111/,"美妝保養, 家電與家居用品, 時尚精品業, 風格穿搭","品味生活, 長髮, 國內旅遊, 常在台灣, 運動健身, 長腿, 演員, 英文, 歐美妝容, 混血兒, 雙眼皮, 有穿耳洞, 光療指甲","家電, 車類, 日常用品, 做過醫美, 所有美食, 所有3C, 所有酒類, 保健, 面膜, 髮品, 保濕修護, 烈酒, 美甲美睫",https://www.prefluencer.com/brands/kols/1108
1832,NINA🍩🍟💛,553000,10000,https://www.instagram.com/ninaxxya/,https://www.facebook.com/nina12240/,"美妝保養, 家電與家居用品, 親子, 時尚精品業, 食品飲料","親子, 短髮女孩, 日韓甜美, 養貓, 清淡妝感, 藝人/名人","日常用品, 親子用品, 所有保養, 鞋包配飾, 飲品, 服飾穿搭, 所有彩妝",https://www.prefluencer.com/brands/kols/1832
148759,陳 怡鈞,626000,8981,https://www.instagram.com/love_jun1031/,https://www.facebook.com/lovejun1031/,"食品飲料, 風格穿搭","長髮, 常在台灣, 性感火辣, 外拍模特兒, 直播主","旅遊, 甜點/零食, 內睡衣",https://www.prefluencer.com/brands/kols/148759
774,⭐️許路兒LureHsu⭐️,845000,7887,https://www.instagram.com/Lurehsu/,https://www.facebook.com/lurehsuofficial/,"美妝保養, 時尚精品業, 風格穿搭","長髮, 優雅氣質, 熟女, 生活質感, 混合肌, 藝人/名人, 中性肌膚","精品/錶, 所有保養, 鞋包配飾, 所有3C, 服飾穿搭, 所有彩妝",https://www.prefluencer.com/brands/kols/774
1186,Charlene Liu 查理,318000,7872,https://www.instagram.com/coindevanity/,https://www.facebook.com/iamcharlietheunicorn/,"美妝保養, 家電與家居用品, 旅遊, 時尚精品業, 風格穿搭","知識型, 優雅氣質, 平價親民, 常在台灣, 日韓甜美, 養貓, 陽光健康, 雙眼皮, 有穿耳洞, 光療指甲","閱讀知性, 日常用品, 精品/錶, 所有保養, 鞋包配飾, 做過醫美, 服飾穿搭, 活動展覽, 抗老保養, 所有彩妝, 底妝, 唇膏, 腮紅",https://www.prefluencer.com/brands/kols/1186
3061,寂寞鱷魚,306000,7344,https://www.instagram.com/lonely.crocodile/,https://www.facebook.com/lonely.crocro/,"食品飲料, 藝文",插畫創作,"所有美食, 飲品",https://www.prefluencer.com/brands/kols/3061
1622,玄玄 Sena,433000,6787,https://www.instagram.com/xxzyxxzy/,https://www.facebook.com/xxzyxxzy/,"美妝保養, 親子, 風格穿搭","親子, 優雅氣質, 常在台灣, 生活質感, 日韓甜美, 清淡妝感, 中長髮, 雙眼皮, 有穿耳洞","家電, 居家生活, 旅遊, 日常用品, 親子用品, 精品/錶, 所有保養, 鞋包配飾, 服飾穿搭, 活動展覽, 所有彩妝, 母嬰用品",https://www.prefluencer.com/brands/kols/1622
2453,球球 MiKa,445000,5899,https://www.instagram.com/newmika0529/,https://www.facebook.com/newmika0529/,美妝保養,"遊戲, 長髮, 平價親民, 常在台灣, 日韓甜美, 養貓, 清淡妝感, 雙眼皮, 有穿耳洞","所有美食, 飲品, 活動展覽, 運動休閒, 所有遊戲, 泳裝",https://www.prefluencer.com/brands/kols/2453
777,逸歡,370000,4502,https://www.instagram.com/clinaliu/,https://www.facebook.com/clinaliufp/,"美妝保養, 餐飲, 旅遊, 時尚精品業, 風格穿搭","常在歐洲, 優雅氣質, 生活質感, 日韓甜美, 長腿","旅遊, 日常用品, 所有美食, 飲品, 抗老保養, 所有彩妝, 美白淡斑, 服裝穿搭",https://www.prefluencer.com/brands/kols/777
5164,可凡 一隻平凡的魔法少女,361000,4443,https://www.instagram.com/kofan_0331/,https://www.facebook.com/kofan331/,"3C, 寵物, 食品飲料, 電競手遊","遊戲, 長髮, 常在台灣, 日韓甜美, 清淡妝感, 宅男女神, 校園清新, 外拍模特兒, 直播主, 熱愛動漫, 雙眼皮, 電競, 薄唇, 桌遊","旅遊, 日常用品, 所有美食, 料理, 保健, 髮品, APP, 甜點/零食, 所有遊戲, 手遊, 角色扮演遊戲, 遊戲機, 吹風機",https://www.prefluencer.com/brands/kols/5164
1017,古娃娃,344000,4255,https://www.instagram.com/wawawaku/,https://www.facebook.com/wawawaku/,"餐飲, 食品飲料","平價親民, 常在台灣, 零食, 清淡妝感, 中長髮, 甜點","家電, 居家生活, 旅遊, 日常用品, 傢俱寢飾, 所有美食, 飲品, 甜點/零食, 手搖茶飲",https://www.prefluencer.com/brands/kols/1017
2845,"Teddy泰迪 台中美食 Chen, Tai-Cheng",304000,3056,https://www.instagram.com/foodtaichung_teddy/,None,食品飲料,"平價親民, 熱愛國內旅遊, 熱愛國外旅遊, 常在台灣, 單眼皮","旅遊, 所有美食, 飲品, 甜點/零食, 餐廳, 手搖茶飲",https://www.prefluencer.com/brands/kols/2845
971,妍安·ᴀɴɴ🦄,516000,817,https://www.instagram.com/anntw0219/,https://www.facebook.com/%e5%91%82%e8%8a%b7%e8%91%87-476887856049901/,"美妝保養, 家電與家居用品, 旅遊, 時尚精品業, 風格穿搭","品味生活, 長髮, 輕熟女, 生活質感, 運動健身, 混合肌, 精品貴婦, 性感火辣, 熱愛瑜珈, 雙眼皮, 有穿耳洞, 光療指甲","旅遊, 日常用品, 精品/錶, 所有保養, 鞋包配飾, 飲品, 服飾穿搭, 所有彩妝, 唇彩",https://www.prefluencer.com/brands/kols/971
953,Angelina,325000,4,https://www.instagram.com/an9lina/,https://www.facebook.com/angelinachen0815/,"美妝保養, 旅遊, 時尚精品業, 運動, 風格穿搭","品味生活, 長髮, 生活質感, 長腿, 歐美時尚, 精品貴婦, 愛健身, 歐美妝感","家電, 居家生活, 旅遊, 日常用品, 精品/錶, 所有保養, 飲品, 服飾穿搭, 活動展覽, 保健, 運動休閒, 所有彩妝",https://www.prefluencer.com/brands/kols/953
3662,戴資穎/Tai Tzu Ying,1370000,163000,https://www.instagram.com/tai_tzuying/,https://www.facebook.com/%e6%88%b4%e8%b3%87%e7%a9%8e-Tai-Tzu-Ying-164965326883996/,運動,"清淡妝感, 中長髮, 運動健身, 陽光健康, 運動員, 雙眼皮, 厚唇, 有穿耳洞","所有美食, 運動休閒, 速食",https://www.prefluencer.com/brands/kols/3662
118640,品子,797000,106000,https://www.instagram.com/pinzi__/,None,"美妝保養, 食品飲料, 電競手遊",None,None,https://www.prefluencer.com/brands/kols/118640
40441,Yun Chou,708000,102000,https://www.instagram.com/riceandshine.co/,https://www.facebook.com/riceandshineee/,"美妝保養, 親子, 旅遊, 醫療保健, 食品飲料","親子, 優雅氣質, 平價親民, 國內旅遊, 生活質感, 清淡妝感, 陽光健康, 短髮","家電, 居家生活, 旅遊, 日常用品, 親子用品, 所有保養, 所有美食, 所有3C, 飲品, 保健",https://www.prefluencer.com/brands/kols/40441
1525,林柏昇KID,1510000,92000,https://www.instagram.com/circuskidd/,https://www.facebook.com/posenkid/,影視娛樂,"養狗, 常在台灣, 頹廢型男, 主持人, 演員, 歌手, 復古/古著, 藝人/名人, 樂器, 刺青, 雙眼皮, 有穿耳洞","鞋包配飾, 飲品, 活動展覽, 所有遊戲, 手遊",https://www.prefluencer.com/brands/kols/1525
8465,Bugcat Capoo,1470000,88000,https://www.instagram.com/bugcat_capoo/,https://www.facebook.com/capoocat/,藝文,"常在台灣, 中長髮, 插畫創作, 繪畫",None,https://www.prefluencer.com/brands/kols/8465
1280,cherng,877000,80000,https://www.instagram.com/cherngyang/,https://www.facebook.com/cherng.y/,藝文,"品味生活, 常在台灣, 插畫創作, 繪畫, 品味質男, 時髦文青","日常用品, 精品/錶, 傢俱寢飾, 鞋包配飾, 所有美食, 所有3C, 服飾穿搭, 甜點/零食",https://www.prefluencer.com/brands/kols/1280
98862,楊 勇緯 ヤン,361000,71000,https://www.instagram.com/yangyungwei/,https://www.facebook.com/judoywyang/,運動,None,None,https://www.prefluencer.com/brands/kols/98862
4195,夏德萱,503000,63000,https://www.instagram.com/dk_1218/,None,"親子, 旅遊",None,None,https://www.prefluencer.com/brands/kols/4195
2368,張廉傑 RJ / 阿傑,393000,61000,https://www.instagram.com/jaychang0127/,https://www.facebook.com/Lienjackman/,"3C, 影視娛樂, 食品飲料, 電競手遊, 風格穿搭","遊戲, 平價親民, 養狗, 插畫創作, Kuso娛樂, 頹廢型男, 直播主, 樂器, 雙眼皮, 無耳洞","活動展覽, 所有遊戲, 角色扮演遊戲, 射擊遊戲",https://www.prefluencer.com/brands/kols/2368
1732,蔡常勇,848000,58000,https://www.instagram.com/changyonggggg/,https://www.facebook.com/changyonggggg/,"3C, 美妝保養, 餐飲, 旅遊, 食品飲料","品味生活, 熱愛國外旅遊, Kuso娛樂, 運動健身, 陽光健康, 常在台灣的外國人","旅遊, 日常用品, 精品/錶, 所有保養, 所有美食, 所有3C, 運動休閒, 所有彩妝, 甜點/零食",https://www.prefluencer.com/brands/kols/1732
1484,陳彥婷 Tiffany,431000,56000,https://www.instagram.com/thetiffanychen/,https://www.facebook.com/thetiffanychen/,"美妝保養, 家電與家居用品, 親子, 寵物, 食品飲料","品味生活, 熱愛國內旅遊, 熱愛國外旅遊, 常在台灣, 短髮女孩, 養貓, 清淡妝感, 運動健身, 陽光健康, 嬌小, 兩性關係","旅遊, 所有保養, 所有美食, 所有3C, 服飾穿搭, 所有彩妝, 泳裝",https://www.prefluencer.com/brands/kols/1484
12050,許紫柔 PURPLE,308000,56000,https://www.instagram.com/mc_._/,None,"美妝保養, 風格穿搭",None,None,https://www.prefluencer.com/brands/kols/12050
1601,Butterfly愷樂🦋,1040000,54000,https://www.instagram.com/butterfly092288/,https://www.facebook.com/butterfly092288/,"美妝保養, 家電與家居用品, 影視娛樂, 食品飲料","長髮, 養狗, 常在台灣, 清淡妝感, 主持人, 歌手, 熱愛跳舞, 雙眼皮, 有穿耳洞, 光療指甲","車類, 日常用品, 所有保養, 所有美食, 飲品, 所有酒類, 活動展覽, 運動休閒, 面膜, 內睡衣, 餐廳",https://www.prefluencer.com/brands/kols/1601
118935,𝐑𝐮.儒妹,305000,52000,https://www.instagram.com/thc_431243/,None,"3C, 餐飲, 食品飲料, 電競手遊, APP",None,None,https://www.prefluencer.com/brands/kols/118935
780,Kelly Yang,540000,49000,https://www.instagram.com/thekellyyang/,None,美妝保養,"長髮, 養狗, 生活質感, 養貓, 混合肌, 常在美洲, 英文, 雙眼皮, 有穿耳洞, 光療指甲","所有保養, 鞋包配飾, 服飾穿搭, 料理, 運動休閒, 所有彩妝, 唇彩, 保濕修護",https://www.prefluencer.com/brands/kols/780
1313,柯佳嬿 Alice Ko,1100000,46000,https://www.instagram.com/alicekochiayen/,https://www.facebook.com/AliceKoChiaYen/,"美妝保養, 影視娛樂, 旅遊","熱愛國內旅遊, 常在台灣, 短髮女孩, 養貓, 清淡妝感, 演員, 英文, 日文, 雙眼皮, 有穿耳洞","旅遊, 所有保養, 活動展覽, 保濕修護",https://www.prefluencer.com/brands/kols/1313
1737,鍾明軒,556000,46000,https://www.instagram.com/big_star_ken/,https://www.facebook.com/ZhongMingXuan/,"美妝保養, 其他","品味生活, 平價親民, 常在台灣, 敏感肌, 品味質男, 個性, 校園清新, 雙眼皮, 有穿耳洞, 光療指甲, 中性男生","家電, 日常用品, 所有彩妝, 面膜, 唇彩, 保濕修護, 底妝",https://www.prefluencer.com/brands/kols/1737
1418,阿滴英文,1010000,45000,https://www.instagram.com/rayduenglish/,https://www.facebook.com/RayDuEnglish/,知識學習,"知識型, 品味生活, 常在台灣, 陽光健康, 英文, 國外留學, 單眼皮, 無耳洞","閱讀知性, 所有保養, 所有美食, APP, 甜點/零食",https://www.prefluencer.com/brands/kols/1418
2457,"好味小姐與蛋捲,短褲,麻糊,米香,橘皮,本丸,圓仔",326000,40000,https://www.instagram.com/ladyflavor/,https://www.facebook.com/ladyflavor.tw/,"寵物, 公益","知識型, 長髮, 常在台灣, 養貓, 清淡妝感, 環保公益, 有穿耳洞","活動展覽, 貓咪相關",https://www.prefluencer.com/brands/kols/2457
1640,溫舒森,701000,42000,https://www.instagram.com/wshusen/,https://www.facebook.com/wshusen813/,"美妝保養, 旅遊, 食品飲料, 風格穿搭","品味生活, 長髮, 清淡妝感, Kuso娛樂, 陽光健康, 校園清新, 常在台灣的外國人, 雙眼皮, 有穿耳洞","旅遊, 精品/錶, 所有保養, 鞋包配飾, 所有美食, 所有3C, 服飾穿搭, 運動休閒, 所有彩妝, 甜點/零食",https://www.prefluencer.com/brands/kols/1640
4722,欸你這週要幹嘛,660000,38000,https://www.instagram.com/arielsvlog_816/,https://www.facebook.com/%e6%ac%b8%e4%bd%a0%e9%80%99%e9%80%b1%e8%a6%81%e5%b9%b9%e5%98%9b-2063387173901024/,"美妝保養, 家電與家居用品, 旅遊, 食品飲料","品味生活, 美食美酒, 熱愛國內旅遊, 熱愛國外旅遊, 常在台灣, Kuso娛樂, 運動健身, 陽光健康","旅遊, 日常用品, 所有保養, 所有美食, 飲品, 甜點/零食",https://www.prefluencer.com/brands/kols/4722
1584,H.H先生,773000,36000,https://www.instagram.com/hhonghh/,https://www.facebook.com/mrhhh/,"美妝保養, 影視娛樂","常在台灣, 插畫創作, Kuso娛樂, 繪畫, 長腿, 兩性關係, 時髦文青, 時尚型男, 單眼皮, 有穿耳洞","閱讀知性, 所有美食, 活動展覽, 保健, 保濕修護, 內睡衣, 底妝",https://www.prefluencer.com/brands/kols/1584
6666,粿粿ᴍᴇɪɢᴏ,571000,35000,https://www.instagram.com/meigo.c/,None,"食品飲料, 風格穿搭, APP",None,None,https://www.prefluencer.com/brands/kols/6666
199501,紅豆妹（阿豆）,351000,34000,https://www.instagram.com/redbean0929/,None,親子,None,None,https://www.prefluencer.com/brands/kols/199501
1438,黃大謙,345000,34000,https://www.instagram.com/da_chien_huang/,https://www.facebook.com/HuangDaChien/,"3C, 美妝保養, 食品飲料, APP","品味生活, 常在台灣, Kuso娛樂, 兩性關係, 油性肌膚, 個性, 油肌, 單眼皮, 無耳洞","所有美食, APP, 甜點/零食",https://www.prefluencer.com/brands/kols/1438
23396,Ru儒哥,381000,34000,https://www.instagram.com/ruge1222/,https://www.facebook.com/rurudagg/,3C,None,None,https://www.prefluencer.com/brands/kols/23396
13010,赤鬼伯伯akaoni,333000,33000,https://www.instagram.com/akaonikou/,https://www.facebook.com/akaonikou/,"3C, 美妝保養, 電競手遊, APP","品味生活, 優雅氣質, 日韓甜美, 陽光健康, 性感火辣, 特殊妝, 網拍/平面模特兒, 外拍模特兒, 雙眼皮, 薄唇","日常用品, 精品/錶, 鞋包配飾, 服飾穿搭, 所有彩妝, 面膜, 髮品, 保濕修護, 清潔產品, 內睡衣, 泳裝, 角色扮演遊戲, SPA護膚",https://www.prefluencer.com/brands/kols/13010
1996,廢物女友,743000,33000,https://www.instagram.com/lousygirlfriend/,https://www.facebook.com/Lousygirlfriend/,藝文,"養狗, 常在台灣, 插畫創作, Kuso娛樂, 繪畫, 兩性關係","旅遊, 日常用品, 髮品, 投資理財, 信用卡",https://www.prefluencer.com/brands/kols/1996
99464,林襄🍒,1800000,33000,https://www.instagram.com/95_mizuki/,https://www.facebook.com/95mizuki/,風格穿搭,"長髮, 常在台灣, 網拍/平面模特兒, 外拍模特兒, 直播主, 刺青, 雙眼皮, 有穿耳洞, 光療指甲",None,https://www.prefluencer.com/brands/kols/99464
117327,萬秀的洗衣店｜WANT SHOW as young,748000,32000,https://www.instagram.com/wantshowasyoung/,None,"其他, 風格穿搭",None,None,https://www.prefluencer.com/brands/kols/117327
3582,謝坤達,935000,31000,https://www.instagram.com/hsieh_kunda/,https://www.facebook.com/kunda318/,"影視娛樂, 時尚精品業, 醫療保健, 運動, 公益","養貓, 長腿, 品味質男, 演員, 英文, 雙眼皮, 外景節目","精品/錶, 鞋包配飾, 所有美食, 飲品, 所有酒類, 甜點/零食, 所有遊戲, 啤酒",https://www.prefluencer.com/brands/kols/3582
5863,金針菇🇰🇷쩐꾸,737000,29000,https://www.instagram.com/ggu__kim/,https://www.facebook.com/Koreajinzhengu/,"家電與家居用品, 影視娛樂, 旅遊, 食品飲料, 風格穿搭","長髮, 清淡妝感, 國外留學, 會講中文的外國人, 單眼皮, 有穿耳洞, 光療指甲, 常在台灣的韓國人, 韓文, 租屋族, 電動機車","車類, 日常用品, 所有美食, 所有3C, 飲品, APP, 甜點/零食",https://www.prefluencer.com/brands/kols/5863
2814,BBBB酷琪琪,498000,25000,https://www.instagram.com/misscoolkiki/,None,"家電與家居用品, 親子, 旅遊","親子, 品味生活, 平價親民, 熱愛國內旅遊, 常在台灣","家電, 旅遊, 日常用品, 親子用品, 保健, 母嬰用品",https://www.prefluencer.com/brands/kols/2814
31279,林家謙 Terence Lam,365000,28000,https://www.instagram.com/terencelam0903/,https://www.facebook.com/terencelam0903/,"3C, 影視娛樂","養狗, 品味質男, 熱愛唱歌, 英文, 歌手, 音樂創作, 常在港澳, 樂器, 會講中文的外國人, 雙眼皮","所有3C, 活動展覽, 耳機",https://www.prefluencer.com/brands/kols/31279
120674,台南式,344000,27000,https://www.instagram.com/tainan_style/,None,"餐飲, 旅遊",None,None,https://www.prefluencer.com/brands/kols/120674
2276,❤                           黃琳,995000,30000,https://www.instagram.com/lovelynnboo/,None,"美妝保養, 風格穿搭",None,None,https://www.prefluencer.com/brands/kols/2276
56336,黃山料,332000,26000,https://www.instagram.com/iam_3636/,None,"旅遊, 運動",None,None,https://www.prefluencer.com/brands/kols/56336
14674,美麗妄娜,464000,26000,https://www.instagram.com/wanna10_4/,https://www.facebook.com/marrywanna21004/,"美妝保養, 風格穿搭","品味生活, 常在台灣, 生活質感, 中長髮, Kuso娛樂, 個性, 韓系妝感, 刺青, 雙眼皮, 有穿耳洞, 光療指甲","服飾穿搭, 所有彩妝, 面膜, 髮品, 保濕修護, 清潔產品, SPA護膚",https://www.prefluencer.com/brands/kols/14674
4567,Nini 妮妮,377000,26000,https://www.instagram.com/nini_food0822/,https://www.facebook.com/%e5%a6%ae%e5%a6%ae-Nini-1058163260984824/,"旅遊, 食品飲料","美食美酒, 熱愛國內旅遊, 常在台灣, 短髮女孩, 雙眼皮","旅遊, 所有美食, 飲品, 甜點/零食, 餐廳, 手搖茶飲",https://www.prefluencer.com/brands/kols/4567
203528,冬天 Grace PJ Shao,456000,26000,https://www.instagram.com/pj.pjpj.pj/,https://www.facebook.com/Winter.0226/,"美妝保養, 旅遊, 食品飲料, 風格穿搭",None,None,https://www.prefluencer.com/brands/kols/203528
115600,賤葆ʕ•ᴥ•ʔ✨,316000,25000,https://www.instagram.com/jbao_5000/,https://www.facebook.com/J-Bao%e5%85%a8%e6%b0%91%e8%b3%a4%e8%91%86-359179041575448/,"3C, 電競手遊","遊戲, 常在台灣, Kuso娛樂, 熱愛動漫, 雙眼皮, 電競","旅遊, 日常用品, 所有3C, APP, 所有遊戲, 手遊, 手機",https://www.prefluencer.com/brands/kols/115600
1974,黃氏兄弟,405000,25000,https://www.instagram.com/huangbrotherss/,https://www.facebook.com/HuangHuangBrother/,"影視娛樂, 旅遊, 食品飲料","遊戲, 平價親民, 常在台灣, Kuso娛樂, 校園清新","日常用品, 所有美食, 所有3C, 飲品, 所有酒類, 活動展覽, 運動休閒, 所有遊戲",https://www.prefluencer.com/brands/kols/1974
1381,霸軒 BAXUAN,556000,25000,https://www.instagram.com/baxuan_ig/,https://www.facebook.com/baxuan.mei/,"影視娛樂, 電競手遊, 藝文","遊戲, 平價親民, 常在台灣, 插畫創作, Kuso娛樂, 繪畫, 單眼皮, 無耳洞","居家生活, 車類, 所有3C, 清潔產品, 所有遊戲",https://www.prefluencer.com/brands/kols/1381
2447,林倩 🌹 Mercedes Lin,322000,24000,https://www.instagram.com/ooo_lin_ooo/,None,"美妝保養, 家電與家居用品, 旅遊, 時尚精品業","長髮, 熱愛國外旅遊, 生活質感, 歐美妝感, 雙眼皮, 有穿耳洞, 光療指甲","所有美食, 所有彩妝, 唇彩, 甜點/零食",https://www.prefluencer.com/brands/kols/2447
5428,邱 鋒 澤,486000,24000,https://www.instagram.com/qiufengze/,https://www.facebook.com/KennyKhoo.QiuFengZe/,"3C, 美妝保養, 風格穿搭",None,None,https://www.prefluencer.com/brands/kols/5428
14151,Lily Hsu,376000,24000,https://www.instagram.com/lilyhsuuuu/,None,其他,None,None,https://www.prefluencer.com/brands/kols/14151
1628,愛莉莎莎 Alisasa 🐨,585000,24000,https://www.instagram.com/goodalicia/,https://www.facebook.com/alisasa11111/,"美妝保養, 家電與家居用品, 旅遊, 食品飲料, 風格穿搭","熱愛國外旅遊, 常在台灣, 短髮女孩, 日韓甜美, 清淡妝感, 甜點, 英文, 韓文","旅遊, 日常用品, 所有保養, 所有美食, 所有3C, 服飾穿搭",https://www.prefluencer.com/brands/kols/1628
22725,鱷魚Nick 🐊 電影·迷因．影片分享 ⌫,326000,29000,https://www.instagram.com/nickback09/,None,"旅遊, 食品飲料, 藝文",None,None,https://www.prefluencer.com/brands/kols/22725
10012,阿夜｜Marz23,368000,23000,https://www.instagram.com/marrrz23/,https://www.facebook.com/Marrrz23/,風格穿搭,None,None,https://www.prefluencer.com/brands/kols/10012
4350,陳之漢,794000,23000,https://www.instagram.com/power3067830678/,https://www.facebook.com/%e9%a3%86%e6%8d%8d-1471772763091863/,運動,"常在台灣, 養貓, 運動健身, 長腿, 個性, 直播主, 運動員, 刺青, 熱愛健身, 雙眼皮, 無耳洞","所有美食, 飲品, 料理",https://www.prefluencer.com/brands/kols/4350
39295,變種吉娃娃,423000,22000,https://www.instagram.com/godgwawa/,https://www.facebook.com/godgwawa/,藝文,"常在台灣, 插畫創作, Kuso娛樂, 繪畫",None,https://www.prefluencer.com/brands/kols/39295
2186,Zαɱү 奎丁🌶️,748000,22000,https://www.instagram.com/zamy_ding/,https://www.facebook.com/ZamyZamyZamyZamy/,"美妝保養, 家電與家居用品, 餐飲, 旅遊, 風格穿搭","品味生活, 長髮, 生活質感, 性感火辣","居家生活, 精品/錶, 所有保養, 鞋包配飾, 服飾穿搭, 運動休閒, 所有彩妝",https://www.prefluencer.com/brands/kols/2186
1141,陳敬宣  Genie,657000,22000,https://www.instagram.com/genieechan/,https://www.facebook.com/geniechenfanpage/,"美妝保養, 影視娛樂, 食品飲料, 風格穿搭","長髮, 日韓甜美, 零食, 熱愛爬山, 清淡妝感, Model, 乾性肌膚, 藝人/名人","鞋包配飾, 所有美食, 所有3C, 飲品, 服飾穿搭, 保健, 所有彩妝, 唇彩, 內睡衣, 底妝",https://www.prefluencer.com/brands/kols/1141
111171,松鼠,335000,22000,https://www.instagram.com/hxy_0817/,None,"美妝保養, 風格穿搭",None,None,https://www.prefluencer.com/brands/kols/111171
712,Peter Su,633000,21000,https://www.instagram.com/peter825/,https://www.facebook.com/petesonline/,"時尚精品業, 知識學習, 風格穿搭, 藝文","品味生活, 熱愛國外旅遊, 作家, 常在台灣, 時尚型男, 雙眼皮, 有穿耳洞","閱讀知性, 旅遊, 鞋包配飾, 服飾穿搭, 所有酒類",https://www.prefluencer.com/brands/kols/712
760,洗菜🏀,363000,21000,https://www.instagram.com/jumi0118/,https://www.facebook.com/jumi0118/,"運動, 風格穿搭","長髮, Model, 陽光健康, 熱愛籃球, 校園清新, 運動員","保健, 運動休閒, 耳機",https://www.prefluencer.com/brands/kols/760
1459,眾量級 CROWD,770000,21000,https://www.instagram.com/crowd520/,https://www.facebook.com/etman0909/,"家電與家居用品, 影視娛樂, 餐飲","熱愛國內旅遊, 常在台灣, Kuso娛樂, 夫妻情侶, 租屋族","旅遊, 日常用品, 活動展覽, 運動休閒, 內睡衣",https://www.prefluencer.com/brands/kols/1459
1073,嘎嫂二伯,761000,20000,https://www.instagram.com/2uncle987/,https://www.facebook.com/2uncle/,"美妝保養, 家電與家居用品, 親子, 旅遊","親子, 長髮, Kuso娛樂, 陽光健康, 夫妻情侶","旅遊, 日常用品, 親子用品, 所有美食, 所有家電",https://www.prefluencer.com/brands/kols/1073
1234,千千,811000,17000,https://www.instagram.com/khshu_/,https://www.facebook.com/Chienseating/,"家電與家居用品, 餐飲, 食品飲料, 烹飪料理","長髮, 美食美酒, 常在台灣, 日韓甜美, 清淡妝感, 長腿, 混血兒, 大胃王, 吃播, 雙眼皮","旅遊, 所有保養, 所有美食, 料理, APP, 甜點/零食, 餐廳",https://www.prefluencer.com/brands/kols/1234
278,Joeman  九妹,537000,20000,https://www.instagram.com/joemanweng/,https://www.facebook.com/JoemanStation/,"3C, 旅遊, 運動, 汽機車, 房產建築","遊戲, 熱愛國外旅遊, 影評, 評測, 常在台灣, Kuso娛樂, 運動健身, 無耳洞","家電, 閱讀知性, 車類, 旅遊, 所有3C, 所有遊戲, 手機, 遊戲機, 相機",https://www.prefluencer.com/brands/kols/278
711,陳零九  Nine Chen,462000,20000,https://www.instagram.com/diegodtk09/,https://www.facebook.com/09chen09/,"影視娛樂, 風格穿搭","常在台灣, 歌手, 潮流, 藝人/名人, 音樂創作, 樂器, 雙眼皮, 無耳洞","鞋包配飾, 所有美食, 活動展覽, 保健, 運動休閒, 所有遊戲",https://www.prefluencer.com/brands/kols/711
2234,黃阿瑪的後宮生活,1070000,19000,https://www.instagram.com/fumeancat/,https://www.facebook.com/fumeancats/,"寵物, 藝文","常在台灣, 養貓, 插畫創作, Kuso娛樂, 繪畫","服飾穿搭, 貓咪相關, 甜點/零食",https://www.prefluencer.com/brands/kols/2234
1940,❕🍻江佑真-本本️️️️️(Alva)🥇🎏,572000,19000,https://www.instagram.com/empty_1207/,https://www.facebook.com/BEAST891/,"美妝保養, 風格穿搭, 酒類","遊戲, 常在台灣, 養貓, 兩性關係, 養鳥, 潮流, 性感火辣, 宅男女神, 外拍模特兒, 雙眼皮, 有穿耳洞, 光療指甲","日常用品, 鞋包配飾, 所有美食, 所有酒類, 所有遊戲",https://www.prefluencer.com/brands/kols/1940
16168,邰智源 邰邰的IG,550000,19000,https://www.instagram.com/taitaihome/,https://www.facebook.com/taitaifirsthome/,"家電與家居用品, 旅遊, 醫療保健, 食品飲料","常在台灣, Kuso娛樂, 主持人, 演員, 英文, 藝人/名人","旅遊, 日常用品, 活動展覽, 保健, 運動休閒",https://www.prefluencer.com/brands/kols/16168
13637,王齊麟,316000,18000,https://www.instagram.com/chilinwang/,https://www.facebook.com/ChiLin0118/,運動,None,None,https://www.prefluencer.com/brands/kols/13637
12310,李靚蕾 Jinglei,779000,18000,https://www.instagram.com/jl.leilei/,None,"親子, 運動","親子, 品味生活, 長髮, 優雅氣質, 常在台灣, 英文, 熱愛瑜珈, 樂器, 雙眼皮, 有穿耳洞",None,https://www.prefluencer.com/brands/kols/12310
1523,邵雨薇IvyShao,943000,18000,https://www.instagram.com/1989ivyshao/,https://www.facebook.com/love.yuweishao/,"美妝保養, 時尚精品業, 風格穿搭","品味生活, 優雅氣質, 常在台灣, 生活質感, 短髮女孩, 養貓, 清淡妝感, 演員, 藝人/名人, 雙眼皮, 有穿耳洞","日常用品, 活動展覽, 所有彩妝, 面膜, 髮品, 保濕修護",https://www.prefluencer.com/brands/kols/1523
2793,蔡桃貴,1280000,18000,https://www.instagram.com/tsaigray2018/,https://www.facebook.com/tsaigray2018/,親子,"親子, 常在台灣, Kuso娛樂, 敏感肌, 雙眼皮",None,https://www.prefluencer.com/brands/kols/2793
52935,曾敬驊,397000,18000,https://www.instagram.com/jhtseng13/,https://www.facebook.com/jhtseng13/,"旅遊, 時尚精品業, 風格穿搭",None,None,https://www.prefluencer.com/brands/kols/52935
1617,簡廷芮Dewi Chien,568000,18000,https://www.instagram.com/dewichien/,https://www.facebook.com/LoveDewiChien/,"家電與家居用品, 影視娛樂, 親子, 食品飲料","長髮, 常在台灣, 日韓甜美, 零食, 清淡妝感, 運動健身, 乾性肌膚, 演員, 歌手, 宅男女神, 熱愛瑜珈","日常用品, 所有保養, 所有3C, 服飾穿搭, 保健, 運動休閒, 所有彩妝",https://www.prefluencer.com/brands/kols/1617
1413,安啾 Anjou🍹,368000,17000,https://www.instagram.com/anjouclever/,https://www.facebook.com/anjoupikachu/,"3C, 美妝保養, 餐飲, 食品飲料, 電競手遊","平價親民, 常在台灣, 短髮女孩, 日韓甜美, 清淡妝感, 創意料理, 校園清新, 雙眼皮, 無耳洞","旅遊, 日常用品, 所有保養, 所有美食, 保濕修護, 所有遊戲, 角色扮演遊戲",https://www.prefluencer.com/brands/kols/1413
48520,曾博恩 Brian Tseng,337000,18000,https://www.instagram.com/brianptseng/,None,"運動, 知識學習, 藝文",None,None,https://www.prefluencer.com/brands/kols/48520
4417,孫生,420000,17000,https://www.instagram.com/soon6669/,https://www.facebook.com/Soon0930/,"影視娛樂, 食品飲料","常在台灣, Kuso娛樂, 運動健身, 刺青, 雙眼皮, 有穿耳洞","所有美食, 飲品, 甜點/零食",https://www.prefluencer.com/brands/kols/4417
5084,牛排,333000,17000,https://www.instagram.com/jam_steak/,https://www.facebook.com/%e7%89%9b%e6%8e%92-264984980601620/,"家電與家居用品, 寵物, 食品飲料",None,None,https://www.prefluencer.com/brands/kols/5084
9363,哲哲 ZHE,314000,17000,https://www.instagram.com/huang45490/,None,"3C, 旅遊",None,None,https://www.prefluencer.com/brands/kols/9363
16383,Sunny Wang 王陽明,1440000,17000,https://www.instagram.com/sunnyboyyy/,https://www.facebook.com/Sunny-%e7%8e%8b%e9%99%bd%e6%98%8e-198872790164061/,"影視娛樂, 時尚精品業, 風格穿搭, 汽機車, 酒類","品味生活, 熱愛國外旅遊, 常在台灣, 環保公益, 運動健身, 長腿, 陽光健康, 個性, 時尚型男, 演員, 英文, 刺青, 雙眼皮, 無耳洞","車類, 精品/錶, 所有保養, 鞋包配飾, 飲品, 服飾穿搭, 所有酒類, 活動展覽, 運動休閒, 保濕修護, 烈酒",https://www.prefluencer.com/brands/kols/16383
3698,Wei ² 瑋瑋,316000,16000,https://www.instagram.com/weiii1008/,None,其他,"熱愛國外旅遊, 養狗, 常在台灣, 品味質男, 單眼皮, 薄唇","遊戲, 所有美食, 甜點/零食",https://www.prefluencer.com/brands/kols/3698
125392,崩壞的英文老師 Nina Hsieh,342000,16000,https://www.instagram.com/326n.h/,None,風格穿搭,None,None,https://www.prefluencer.com/brands/kols/125392
4299,ㄇㄚˊ幾(まちこ) ©YUKIJI,474000,16000,https://www.instagram.com/machiko324/,https://www.facebook.com/machiko324/,藝文,"常在台灣, 短髮女孩, 清淡妝感, 插畫創作, 繪畫, 雙眼皮, 有穿耳洞",活動展覽,https://www.prefluencer.com/brands/kols/4299
4076,施柏宇 Patrick,533000,16000,https://www.instagram.com/patrick8589/,https://www.facebook.com/%e6%96%bd%e6%9f%8f%e5%ae%87patrick-249515198829760/,"時尚精品業, 運動, 公益, 風格穿搭","常在台灣, 環保公益, 運動健身, 長腿, Model, 陽光健康, 演員, 英文, 校園清新","精品/錶, 鞋包配飾, 所有3C, 服飾穿搭, 活動展覽, 運動休閒, APP, 所有遊戲, 手遊",https://www.prefluencer.com/brands/kols/4076
1405,放火Louis,372000,16000,https://www.instagram.com/louislyc0602/,https://www.facebook.com/SetfireYC/,"3C, 食品飲料, 電競手遊","品味生活, 常在台灣, Kuso娛樂, 陽光健康, 熱愛唱歌, 音樂創作, 雙眼皮, 無耳洞","所有美食, 所有3C, 保健, 所有遊戲, 手遊, 角色扮演遊戲",https://www.prefluencer.com/brands/kols/1405
9177,𝐄𝐥𝐥𝐞 𝐋𝐢♡,449000,15000,https://www.instagram.com/elle50829/,None,"美妝保養, 旅遊, 醫療保健","長髮, 熱愛國外旅遊, 常在台灣, 性感火辣, 醫生/護理師","旅遊, 精品/錶, 所有保養, 保健, 美白淡斑",https://www.prefluencer.com/brands/kols/9177
1146,曾智希Simba🐒🗿,393000,15000,https://www.instagram.com/simba.1220/,https://www.facebook.com/simba1220/,"美妝保養, 影視娛樂",None,None,https://www.prefluencer.com/brands/kols/1146
4557,依梨🐰,413000,15000,https://www.instagram.com/lebaby0v0/,https://www.facebook.com/lebaby0v0/,電競手遊,"長髮, 平價親民, 日韓甜美, 養貓, 清淡妝感, 實況主, 性感火辣, 校園清新, 雙眼皮, 有穿耳洞","旅遊, 日常用品, 所有美食, 飲品, 服飾穿搭, 保健, 髮品, 貓咪相關, 甜點/零食, 內睡衣, 泳裝, 手遊",https://www.prefluencer.com/brands/kols/4557
4660,宋偉恩 Wayne,319000,15000,https://www.instagram.com/actor_wayne/,https://www.facebook.com/WayneActor/,"3C, 美妝保養, 醫療保健, 食品飲料, 公益","常在台灣, 運動健身, 長腿, 品味質男, 乾性肌膚, 熱愛籃球, 演員, 英文, 熱愛健身, 單眼皮, 有穿耳洞, 熱愛游泳","所有保養, 鞋包配飾, 服飾穿搭, 活動展覽, 保健, 運動休閒, 保濕修護",https://www.prefluencer.com/brands/kols/4660
1179,焦凡凡🤎,589000,15000,https://www.instagram.com/fan0914fan/,https://www.facebook.com/fanfan0914/,"美妝保養, 影視娛樂, 食品飲料","遊戲, 平價親民, 養狗, 短髮女孩, 日韓甜美, Kuso娛樂, 陽光健康, 嬌小, 韓系妝感, 直播主, 雙眼皮, 有穿耳洞, 光療指甲","旅遊, 所有保養, 所有美食, 運動休閒, 所有彩妝, 底妝",https://www.prefluencer.com/brands/kols/1179
5275,孟潔MJ,377000,15000,https://www.instagram.com/mengj215/,https://www.facebook.com/Candymengjie/,"旅遊, 運動, 食品飲料, 風格穿搭","長髮, 熱愛國外旅遊, 常在台灣, 日韓甜美, 清淡妝感, 運動健身, 熱愛跳舞, ShowGirl, 網拍/平面模特兒, 直播主, 雙眼皮, 有穿耳洞","旅遊, 日常用品, 精品/錶, 所有3C, 活動展覽, 運動休閒, 手機",https://www.prefluencer.com/brands/kols/5275
1021,魏如萱 waa wei,421000,15000,https://www.instagram.com/waawei/,https://www.facebook.com/lovewaa/,"美妝保養, 影視娛樂, 親子, 時尚精品業, 公益","親子, 常在台灣, 短髮女孩, 時髦文青, 主持人, 歌手, 藝人/名人, 音樂創作","閱讀知性, 日常用品, 鞋包配飾, 飲品, 服飾穿搭, 運動休閒",https://www.prefluencer.com/brands/kols/1021
4283,張雅涵Kimi,772000,14000,https://www.instagram.com/kimi850531/,https://www.facebook.com/Kimi850531/,"美妝保養, 旅遊, 寵物, 其他, 風格穿搭",None,None,https://www.prefluencer.com/brands/kols/4283
22444,Mita映晨,335000,14000,https://www.instagram.com/mitaliang/,https://www.facebook.com/mitaliang0521/,"3C, 美妝保養, 電競手遊, APP","長髮, 平價親民, 常在台灣, 養貓, 清淡妝感, 實況主, 性感火辣, 宅男女神, 有穿耳洞","所有美食, 所有3C, 飲品, 所有遊戲, 美妝, 保養, 手遊, 角色扮演遊戲, 耳機",https://www.prefluencer.com/brands/kols/22444
1794,莫莉 Molly Chiang,790000,14000,https://www.instagram.com/molly_chiang/,https://www.facebook.com/MollyChiang312/,"美妝保養, 時尚精品業, 風格穿搭","常在台灣, 生活質感, 短髮女孩, 運動健身, 長腿, Model, 陽光健康, 歐美時尚, 個性, 歐美妝感, 小麥肌, 雙眼皮, 有穿耳洞, 光療指甲","旅遊, 精品/錶, 所有保養, 鞋包配飾, 服飾穿搭, 運動休閒, 保濕修護, 泳裝",https://www.prefluencer.com/brands/kols/1794
198787,快樂fun暑假,359000,14000,https://www.instagram.com/happyfunvac/,https://www.facebook.com/HappyFunVacation/,"其他, 藝文",None,None,https://www.prefluencer.com/brands/kols/198787
8918,Yuri陳怡叡,466000,18000,https://www.instagram.com/xx15995/,https://www.facebook.com/Yurii.tw/,"3C, 運動, 食品飲料, 電競手遊, 風格穿搭","常在台灣, 短髮女孩, 日韓甜美, 養貓, 清淡妝感, 長腿, 演員, 熱愛跳舞, 網拍/平面模特兒, Dancer, 藝人/名人, 運動休閒, 雙眼皮","日常用品, 所有美食, 所有3C, 飲品, 服飾穿搭, 所有酒類, 保健, 運動休閒, 烈酒, 甜點/零食, 所有遊戲, 餐廳, 手遊, 射擊遊戲, 啤酒, 喇叭/揚聲器, 速食",https://www.prefluencer.com/brands/kols/8918
4306,李佳穎,610000,14000,https://www.instagram.com/junoohknow/,https://www.facebook.com/JUNO41/,"美妝保養, 旅遊, 運動, 食品飲料, 公益","養狗, 常在台灣, 清淡妝感, 中長髮, 運動健身, 嬌小, 演員, 熱愛瑜珈, 熱愛健身, 雙眼皮, 有穿耳洞","日常用品, 所有保養, 活動展覽, 保健, 運動休閒, 髮品, 美白淡斑",https://www.prefluencer.com/brands/kols/4306
4442,李千娜 (Singer . Actor),465000,14000,https://www.instagram.com/n_a_n_a_l_e_e/,https://www.facebook.com/LeeChienNa/,"美妝保養, 影視娛樂, 時尚精品業, 公益, 風格穿搭","長髮, 優雅氣質, 常在台灣, 運動健身, 長腿, 主持人, 演員, 歌手, 日文, 雙眼皮, 有穿耳洞",None,https://www.prefluencer.com/brands/kols/4442
4803,蠟筆小新語錄,320000,14000,https://www.instagram.com/caryou_shin_chan/,None,藝文,None,None,https://www.prefluencer.com/brands/kols/4803
120175,鳳梨 吳泓逸,1010000,13000,https://www.instagram.com/yi0107/,https://www.facebook.com/hongyi1717/,"餐飲, 食品飲料, 其他, 酒類",None,None,https://www.prefluencer.com/brands/kols/120175
4433,黃偉晉 Wayne️️️,623000,13000,https://www.instagram.com/weijin_huang/,https://www.facebook.com/officialwaynehuang/,"3C, 美妝保養, 時尚精品業, 醫療保健, 運動","常在台灣, 養貓, 環保公益, 運動健身, 熱愛唱歌, 主持人, 演員, 歌手, 藝人/名人, 雙眼皮","日常用品, 所有美食, 所有3C, 活動展覽, 運動休閒, 貓咪相關, 環保公益, 手機, 速食",https://www.prefluencer.com/brands/kols/4433
3130,巨鳥胃77 ｜旅遊分享、台北美食、日本美食｜Chi Wu,356000,13000,https://www.instagram.com/77.food/,https://www.facebook.com/77.food/,"美妝保養, 旅遊, 食品飲料, 風格穿搭","平價親民, 熱愛國內旅遊, 常在台灣, 零食, 西式料理, 中長髮, 傳統小吃, 甜點, 校園清新","旅遊, 日常用品, 所有美食, 飲品, 所有酒類, 活動展覽, 甜點/零食, 所有遊戲",https://www.prefluencer.com/brands/kols/3130
1340,林進 Lingin 林東進 飛醺卑鄙 Fashionbaby,681000,13000,https://www.instagram.com/lingin1209/,https://www.facebook.com/fanslingin/,"美妝保養, 餐飲, 旅遊, 食品飲料, 風格穿搭","平價親民, 熱愛國內旅遊, 熱愛國外旅遊, 常在台灣, Kuso娛樂, 通告藝人, 雙眼皮, 有穿耳洞, 限制級內容, 中性男生","日常用品, 所有美食, 飲品, 服飾穿搭, 活動展覽, 保健",https://www.prefluencer.com/brands/kols/1340
3707,Rubis上晏,528000,14000,https://www.instagram.com/rubis_03/,https://www.facebook.com/rubis03/,"美妝保養, 餐飲, 運動, 風格穿搭","遊戲, 長髮, 美食美酒, 日韓甜美, 養貓, 清淡妝感, 長腿, 性感火辣, 宅男女神, 樂器, 雙眼皮","所有保養, 所有酒類, 所有彩妝, 髮品, 內睡衣, 泳裝",https://www.prefluencer.com/brands/kols/3707
4471,Melody Liu 殷悅,652000,12000,https://www.instagram.com/melodykliu/,https://www.facebook.com/melody.melodyiam/,"美妝保養, 家電與家居用品, 影視娛樂, 時尚精品業, 公益",None,None,https://www.prefluencer.com/brands/kols/4471
1627,安婕希（小安）,699000,12000,https://www.instagram.com/dabechen/,https://www.facebook.com/DabeChen2013/,"美妝保養, 影視娛樂, 運動, 食品飲料, 風格穿搭","長髮, 優雅氣質, 日韓甜美, 零食, 清淡妝感, 陽光健康, 風格攝影, 演員, 歌手, 宅男女神","日常用品, 鞋包配飾, 所有3C, 飲品, 唇彩, 所有遊戲",https://www.prefluencer.com/brands/kols/1627
3589,不朽 Taylor Lee,357000,12000,https://www.instagram.com/taylorlmw/,None,知識學習,"長髮, 輕熟女, 優雅氣質, 作家, 中長髮, 時髦文青, 韓系妝感, 會講中文的外國人, 單眼皮","閱讀知性, 活動展覽",https://www.prefluencer.com/brands/kols/3589
1521,曾莞婷✨🌟🌈,1010000,12000,https://www.instagram.com/vicky_7155/,https://www.facebook.com/tsengwanting/,"美妝保養, 家電與家居用品","長髮, 養狗, 常在台灣, 清淡妝感, 環保公益, 長腿, 主持人, 演員, 英文, 藝人/名人, 雙眼皮, 有穿耳洞, 光療指甲","所有美食, 所有3C, 保健, 投資理財",https://www.prefluencer.com/brands/kols/1521
24523,這群人 尼克,373000,12000,https://www.instagram.com/nickwang1988/,https://www.facebook.com/NickXianSheng/,"旅遊, 運動, 食品飲料, 風格穿搭","養狗, 常在台灣, Kuso娛樂, 運動健身, 陽光健康, 夫妻情侶, 演員, 熱愛健身, 導演, 製作人, 雙眼皮, 無耳洞","鞋包配飾, 所有美食, 運動休閒, 養狗",https://www.prefluencer.com/brands/kols/24523
1335,Evelyn Chen 理科太太,567000,12000,https://www.instagram.com/liketaitai/,https://www.facebook.com/liketaitai/,"家電與家居用品, 親子, 知識學習","知識型, 親子, 品味生活, 優雅氣質, 常在台灣, 清淡妝感, 中長髮, 醫學背景, 兩性關係, 夫妻情侶, 英文, 雙眼皮","閱讀知性, 旅遊, 日常用品, 親子用品, 所有保養, 所有3C, APP",https://www.prefluencer.com/brands/kols/1335
2920,Cheng.  范成章,454000,12000,https://www.instagram.com/chengchangfan/,None,"美妝保養, 時尚精品業","品味生活, 運動健身, 時尚型男, 男模","旅遊, 精品/錶, 鞋包配飾, 服飾穿搭, 運動休閒",https://www.prefluencer.com/brands/kols/2920
1275,Duncan,1330000,12000,https://www.instagram.com/duncan_design/,https://www.facebook.com/duncanlindesign/,"3C, 影視娛樂, 食品飲料, 公益","遊戲, 常在台灣, 零食, 養貓, 插畫創作, Kuso娛樂, 英文","所有美食, 所有3C, 飲品, 甜點/零食, 所有遊戲",https://www.prefluencer.com/brands/kols/1275
1929,Karen Chao,357000,12000,https://www.instagram.com/karenchaochao/,None,"美妝保養, 時尚精品業","長髮, 生活質感, 個性, 韓系妝感, 雙眼皮, 有穿耳洞, 光療指甲","旅遊, 美甲美睫",https://www.prefluencer.com/brands/kols/1929
1928,宜靜,364000,11000,https://www.instagram.com/andy_blossom/,None,"美妝保養, 時尚精品業",None,None,https://www.prefluencer.com/brands/kols/1928
13409,林艾融,413000,11000,https://www.instagram.com/irenelin0413/,https://www.facebook.com/mialinperformance/,"美妝保養, 家電與家居用品, 時尚精品業, 運動, 食品飲料","品味生活, 生活質感, 日韓甜美, 清淡妝感, 陽光健康, 熱愛跳舞, 直播主, 雙眼皮, 薄唇","日常用品, 精品/錶, 鞋包配飾, 服飾穿搭, 運動休閒, 所有彩妝, 面膜, 髮品, 保濕修護, 清潔產品, SPA護膚",https://www.prefluencer.com/brands/kols/13409
14671,顏珛聿,524000,11000,https://www.instagram.com/chanya0527/,https://www.facebook.com/YUER27/,"3C, 美妝保養, 家電與家居用品, 影視娛樂, 親子, 餐飲, 旅遊, 時尚精品業, 醫療保健, 運動, 寵物, 食品飲料, 住宿, 知識學習, 公益, 電競手遊, 其他, 風格穿搭, 汽機車, 房產建築, 酒類, APP, 藝文, 醫美",None,None,https://www.prefluencer.com/brands/kols/14671
4543,汗語字典,335000,11000,https://www.instagram.com/hanyudict/,None,藝文,None,None,https://www.prefluencer.com/brands/kols/4543
24411,wendy璇璇,315000,11000,https://www.instagram.com/wendy__624/,None,"旅遊, 風格穿搭",None,None,https://www.prefluencer.com/brands/kols/24411
191253,FHProductionHK熊仔頭,367000,12000,https://www.instagram.com/fhproductionhk/,https://www.facebook.com/FHProduction/,其他,None,None,https://www.prefluencer.com/brands/kols/191253
5234,張舒晴Annie,671000,10000,https://www.instagram.com/shuqing0316/,None,"美妝保養, 風格穿搭","長髮, 韓系妝感, ShowGirl, 網拍/平面模特兒, 外拍模特兒, 雙眼皮, 有穿耳洞, 光療指甲, 薄唇","精品/錶, 鞋包配飾, 服飾穿搭, 活動展覽, 所有彩妝, 泳裝",https://www.prefluencer.com/brands/kols/5234
94402,蔡波能,471000,11000,https://www.instagram.com/tsaipopo2020/,None,親子,None,None,https://www.prefluencer.com/brands/kols/94402
16993,黑嘉嘉 Joanne Missingham,316000,11000,https://www.instagram.com/jiajia94526/,https://www.facebook.com/jiajia94526/,"3C, 時尚精品業, 運動, 風格穿搭","長髮, 優雅氣質, 常在台灣, 養貓, 清淡妝感, 熱愛瑜珈, 運動員, 樂器, 日文, 雙眼皮, 有穿耳洞, 熱愛游泳","車類, 精品/錶, 所有3C, 服飾穿搭, 活動展覽",https://www.prefluencer.com/brands/kols/16993
4237,家寧+0,695000,11000,https://www.instagram.com/chianing_baby/,https://www.facebook.com/%e5%ae%b6%e5%af%a70-239110182905977/,"美妝保養, 影視娛樂, 其他, 風格穿搭","長髮, 平價親民, 常在台灣, 清淡妝感, Kuso娛樂, 陽光健康, 夫妻情侶, 韓系妝感, 雙眼皮, 有穿耳洞","所有彩妝, 面膜, 保濕修護, 清潔產品, 甜點/零食, 美白淡斑, 手搖茶飲",https://www.prefluencer.com/brands/kols/4237
4261,周曉涵 ᴬᴹᴬᴺᴰᴬ ᶜᴴᴼᵁ,809000,9934,https://www.instagram.com/ilove7388/,https://www.facebook.com/amanda.chouuu/,"美妝保養, 時尚精品業, 食品飲料, 電競手遊, 風格穿搭","長髮, 熱愛國外旅遊, 常在台灣, 繪畫, 運動健身, 長腿, 韓系妝感, 演員, 英文, 樂器, 雙眼皮, 有穿耳洞","車類, 所有美食, 所有3C, 所有酒類, 保健, 烈酒, 甜點/零食, 內睡衣, 所有遊戲",https://www.prefluencer.com/brands/kols/4261
2573,妮妮子,344000,10000,https://www.instagram.com/__tingwong/,https://www.facebook.com/TheNinikoW/,"3C, 電競手遊, APP","常在台灣, 短髮女孩, 日韓甜美, 零食, 清淡妝感, 甜點, 實況主, 手遊達人, 宅男女神, 雙眼皮, 有穿耳洞","所有美食, 所有3C, 飲品, 所有遊戲, 角色扮演遊戲, 射擊遊戲",https://www.prefluencer.com/brands/kols/2573
1501,歐陽妮妮,880000,10000,https://www.instagram.com/niniouyang/,https://www.facebook.com/niniouyang8/,"美妝保養, 影視娛樂, 時尚精品業, 風格穿搭","長髮, 優雅氣質, 生活質感, 清淡妝感, 運動健身, 長腿, 演員, 藝人/名人, 雙眼皮, 有穿耳洞, 光療指甲","鞋包配飾, 所有3C, 服飾穿搭, 保健, 運動休閒",https://www.prefluencer.com/brands/kols/1501
4280,連晨翔©Simon,503000,11000,https://www.instagram.com/hsiang_5208/,https://www.facebook.com/simonbraveout/,"美妝保養, 影視娛樂, 時尚精品業, 風格穿搭","常在台灣, 環保公益, 長腿, 品味質男, 時尚型男, 演員, 歌手, 雙眼皮, 有穿耳洞","日常用品, 所有保養, 鞋包配飾, 所有美食, 所有3C, 服飾穿搭, 運動休閒, 面膜, 所有遊戲, 手遊, 手機, 速食",https://www.prefluencer.com/brands/kols/4280
5066,蕭芷渲𝐈𝐫𝐢𝐬,939000,10000,https://www.instagram.com/irisxiao_/,None,"3C, 食品飲料, 電競手遊","長髮, 日韓甜美, 養貓, 嬌小, 雙眼皮, 熱愛旅遊",None,https://www.prefluencer.com/brands/kols/5066
1534,Lulu黃路梓茵,1130000,10000,https://www.instagram.com/sunnygirl800424/,https://www.facebook.com/Lulu.cti/,"3C, 美妝保養, 家電與家居用品, 食品飲料, 風格穿搭","短髮女孩, 運動健身, 陽光健康, 時髦文青, 主持人, 英文, 歌手, 復古/古著, 藝人/名人, 日文","車類, 日常用品, 所有3C, 飲品, 服飾穿搭, 運動休閒, 所有彩妝, 髮品, 清潔產品, 所有遊戲, 手遊",https://www.prefluencer.com/brands/kols/1534
1422,滴妹,733000,10000,https://www.instagram.com/crown_du/,https://www.facebook.com/%e6%bb%b4%e5%a6%b9-Crown-256730454663495/,"家電與家居用品, 寵物, 食品飲料, 知識學習","知識型, 品味生活, 長髮, 常在台灣, 養貓, 清淡妝感, 運動健身, 陽光健康, 英文, 國外留學","閱讀知性, 旅遊, 日常用品, 所有保養, 所有美食, 甜點/零食",https://www.prefluencer.com/brands/kols/1422
1338,白癡公主,1010000,10000,https://www.instagram.com/87acup/,https://www.facebook.com/BaiChiGongZhu/,"美妝保養, 影視娛樂, 食品飲料","長髮, 平價親民, 常在台灣, 清淡妝感, Kuso娛樂, 陽光健康, 熱愛唱歌, 雙眼皮, 有穿耳洞","旅遊, 日常用品, 鞋包配飾, 所有美食, 飲品, 服飾穿搭, 活動展覽, 運動休閒",https://www.prefluencer.com/brands/kols/1338
17150,唐綺陽 Jesse Tang,446000,10000,https://www.instagram.com/jessetang11/,https://www.facebook.com/JesseTang11/,影視娛樂,"長髮, 熟女, 作家, 常在台灣, 養貓, 星座專家, 主持人, 藝人/名人, 雙眼皮, 有穿耳洞, 光療指甲","所有保養, 所有美食, 所有酒類, 抗老保養, 面膜, 保濕修護, 美白淡斑, 美食美酒",https://www.prefluencer.com/brands/kols/17150
42311,郭婞淳 Hsing-Chun KUO,349000,10000,https://www.instagram.com/kuohsingchun_official/,None,運動,"常在台灣, 清淡妝感, 運動健身, 運動員, 熱愛健身, 雙眼皮, 有穿耳洞","活動展覽, 運動休閒",https://www.prefluencer.com/brands/kols/42311
2992,琳妲-林羿禎💕,776000,10000,https://www.instagram.com/linda831212/,https://www.facebook.com/linda831212/,"美妝保養, 家電與家居用品, 旅遊","長髮, 熱愛國外旅遊, 常在台灣, 日韓甜美, 清淡妝感, 運動健身, Model, 陽光健康, 熱愛跳舞, 藝人/名人, 雙眼皮, 有穿耳洞","旅遊, 所有保養, 所有酒類, 運動休閒, 所有彩妝, 泳裝",https://www.prefluencer.com/brands/kols/2992
994,Nono Ku 辜莞允,559000,10000,https://www.instagram.com/nolovehowll/,https://www.facebook.com/NonoKunono/,"影視娛樂, 電競手遊, 風格穿搭","遊戲, 長髮, 養狗, 常在台灣, 清淡妝感, 運動健身, Model, 陽光健康, 宅男女神, 藝人/名人, 雙眼皮, 有穿耳洞, 光療指甲","鞋包配飾, 所有美食, 飲品, 保健, 狗狗相關, 內睡衣, 所有遊戲, 泳裝",https://www.prefluencer.com/brands/kols/994
25085,陳葳,466000,9992,https://www.instagram.com/vvchen34/,https://www.facebook.com/viviwe1/,餐飲,"長髮, 常在台灣, 養貓, 韓系妝感, 性感火辣, 網拍/平面模特兒, 外拍模特兒, 雙眼皮, 有穿耳洞, 光療指甲","所有保養, 做過醫美, 所有美食, 活動展覽, 清潔產品, 泳裝, 餐廳",https://www.prefluencer.com/brands/kols/25085
2364,呱吉,345000,9988,https://www.instagram.com/froggychiu/,https://www.facebook.com/froggychiu/,"食品飲料, 其他","知識型, 常在台灣, 養貓, 自行創業者, 陽光健康, 個性, 政治人物, 雙眼皮, 無耳洞","日常用品, 所有美食, 餐廳",https://www.prefluencer.com/brands/kols/2364
1197,梁以辰,491000,9945,https://www.instagram.com/yi_chan_liang/,https://www.facebook.com/Yi.Chan.Liang/,"美妝保養, 影視娛樂, 時尚精品業, 公益, 其他","日韓甜美, 中長髮, Model, 藝人/名人","所有保養, 鞋包配飾, 服飾穿搭, 所有彩妝",https://www.prefluencer.com/brands/kols/1197
2946,小雲寶寶 yuna bao,375000,9881,https://www.instagram.com/baby19951111/,https://www.facebook.com/baby19951111/,電競手遊,"長髮, 養貓, 清淡妝感, 實況主, 性感火辣, 宅男女神, 常在台灣的外國人, 刺青, 雙眼皮, 無耳洞","日常用品, 飲品, 服飾穿搭, 運動休閒, 髮品, 貓咪相關",https://www.prefluencer.com/brands/kols/2946
5081,大蛇丸,499000,9842,https://www.instagram.com/jam_cutepig/,https://www.facebook.com/%e5%a4%a7%e8%9b%87%e4%b8%b8-2661731563843503/,"餐飲, 食品飲料, 電競手遊","平價親民, 養狗, 常在台灣, Kuso娛樂, 大胃王, 吃播, 雙眼皮","日常用品, 所有美食, 飲品, 活動展覽, 保健, 狗狗相關, 所有遊戲, 手遊",https://www.prefluencer.com/brands/kols/5081
913,蔡瑞雪 SNOWBABY,754000,9817,https://www.instagram.com/snowbabyq/,https://www.facebook.com/snowbabyqq1002/,"美妝保養, 風格穿搭","長髮, 優雅氣質, 養狗, 常在台灣, 日韓甜美, 養貓, 清淡妝感, Model, 演員, 藝人/名人, 雙眼皮, 有穿耳洞","日常用品, 所有保養, 所有美食, 飲品, 服飾穿搭, 保健, 運動休閒, 所有彩妝, 保濕修護, 清潔產品, 甜點/零食, 底妝",https://www.prefluencer.com/brands/kols/913
4548,知寒,317000,9072,https://www.instagram.com/infernowords/,None,"知識學習, 其他","作家, 兩性關係",閱讀知性,https://www.prefluencer.com/brands/kols/4548
1382,啾啾妹 by LIIN,451000,9022,https://www.instagram.com/chuchumei__/,https://www.facebook.com/chuchumei.byLIIN/,"影視娛樂, 食品飲料, APP, 藝文","長髮, 優雅氣質, 常在台灣, 養貓, 清淡妝感, 插畫創作, 兩性關係, 夫妻情侶","日常用品, 所有美食, 甜點/零食",https://www.prefluencer.com/brands/kols/1382
2114,瑀熙Yuci🐷,1000000,8906,https://www.instagram.com/uccu0323/,https://www.facebook.com/yuci7001/,"3C, 美妝保養, 電競手遊","長髮, 常在台灣, 陽光健康, 實況主, 乾性肌膚, 主持人, 校園清新, 雙眼皮, 電競, 有穿耳洞, 進口車, 四門車","日常用品, 所有3C, 飲品, 面膜, 髮品, 唇彩, 甜點/零食, 手遊, 信用卡, 角色扮演遊戲, 手搖茶飲, 耳機",https://www.prefluencer.com/brands/kols/2114
3646,游否希,418000,8827,https://www.instagram.com/liu8g/,None,"3C, 食品飲料, 電競手遊","遊戲, 常在台灣, Kuso娛樂, 單眼皮, 無耳洞","所有美食, 所有3C, 所有遊戲, 手遊, 手機, 角色扮演遊戲",https://www.prefluencer.com/brands/kols/3646
2574,貝莉莓💪,370000,8451,https://www.instagram.com/berylovee/,https://www.facebook.com/Berylulu.tw/,"3C, 食品飲料, 電競手遊, APP","長髮, 常在台灣, 養貓, 清淡妝感, 實況主, 性感火辣, 宅男女神, 雙眼皮, 有穿耳洞","所有美食, 所有3C, 飲品, 服飾穿搭, 運動休閒, 甜點/零食, 所有遊戲, 信用卡, 角色扮演遊戲, 耳機, 競速遊戲",https://www.prefluencer.com/brands/kols/2574
4028,我是阿樂🐹林妤臻🎏,759000,8396,https://www.instagram.com/alephant_0427/,https://www.facebook.com/yunni0427/,"3C, 影視娛樂, 運動, 電競手遊","遊戲, 常在台灣, 養貓, 清淡妝感, 中長髮, 繪畫, 嬌小, 實況主, 演員, 直播主, 藝人/名人, 樂器, 雙眼皮, 有穿耳洞","精品/錶, 所有美食, 甜點/零食, 所有遊戲, 手遊",https://www.prefluencer.com/brands/kols/4028
2409,🩵RITA,620000,8380,https://www.instagram.com/love_ritakao/,https://www.facebook.com/rita.kao.186/,"美妝保養, 旅遊, 時尚精品業, 食品飲料, 風格穿搭","長髮, 優雅氣質, 生活質感, 空服員地勤, 長腿, 風格攝影","旅遊, 日常用品, 做過醫美, 所有美食, 所有3C, 內睡衣",https://www.prefluencer.com/brands/kols/2409
884,森田,301000,8343,https://www.instagram.com/artpaul0331/,https://www.facebook.com/sentian/,"美妝保養, 影視娛樂, 時尚精品業, 運動, 風格穿搭","運動健身, Model, 陽光健康, 熱愛潛水, 時尚型男, 藝人/名人, 雙眼皮, 有穿耳洞","日常用品, 精品/錶, 所有保養, 鞋包配飾, 飲品, 服飾穿搭, 活動展覽, 保健, 運動休閒, 香水香氛",https://www.prefluencer.com/brands/kols/884
3031,中川秀美 Chloe,389000,7928,https://www.instagram.com/CHLOEHIDEMI/,https://www.facebook.com/chloehidemi/,"美妝保養, 旅遊, 運動, 食品飲料","長髮, 常在台灣, 陽光健康","日常用品, 所有保養, 鞋包配飾, 飲品, 服飾穿搭, 唇彩",https://www.prefluencer.com/brands/kols/3031
1294,邱宇辰 Chris,335000,8255,https://www.instagram.com/chrischiu1010/,https://www.facebook.com/Chrischiu1010/,"影視娛樂, 風格穿搭","遊戲, 實況主, 時尚型男, 主持人, 演員, 歌手, 藝人/名人","服飾穿搭, 保健, 面膜, 保濕修護, 清潔產品",https://www.prefluencer.com/brands/kols/1294
3536,SunnyLin 林采緹,396000,8154,https://www.instagram.com/sunnylin_520/,https://www.facebook.com/Sunnylinfanspage/,"美妝保養, 電競手遊, 風格穿搭","長髮, 常在台灣, 運動健身, Model, 主持人, 演員, 性感火辣, 藝人/名人, 雙眼皮, 有穿耳洞, 光療指甲","親子用品, 精品/錶, 所有保養, 鞋包配飾, 做過醫美, 服飾穿搭, 泳裝",https://www.prefluencer.com/brands/kols/3536
112737,Ben Lee 李鴻賓,509000,7927,https://www.instagram.com/dafengpork/,None,烹飪料理,"作家, 常在台灣, 中式料理, 雙眼皮, 無耳洞",料理,https://www.prefluencer.com/brands/kols/112737
1433,這群人 TGOP,682000,7858,https://www.instagram.com/thisgroupofpeople/,https://www.facebook.com/thisgroupofpeople/,"影視娛樂, 時尚精品業","常在台灣, Kuso娛樂, 演員","日常用品, 髮品, 投資理財, 所有遊戲, 信用卡",https://www.prefluencer.com/brands/kols/1433
2948,凱琪 K7,340000,7763,https://www.instagram.com/k7_aphrolin/,https://www.facebook.com/K7.KaiChi/,"3C, 電競手遊","遊戲, 長髮, 美食美酒, 常在台灣, 實況主, 熱愛唱歌, 手遊達人, 性感火辣, 宅男女神, 雙眼皮, 有穿耳洞, 光療指甲","所有美食, 所有3C, 飲品, 所有遊戲, 美妝, 角色扮演遊戲, 競速遊戲",https://www.prefluencer.com/brands/kols/2948
196996,🌸 Rita 🌸   LIN  FANGYU,327000,6467,https://www.instagram.com/rita.__lin__/,None,"餐飲, 旅遊, 風格穿搭",None,None,https://www.prefluencer.com/brands/kols/196996
1250,鄭茵聲 Alina Cheng,506000,7600,https://www.instagram.com/ferrtsss/,https://www.facebook.com/AlinaZheng/,"美妝保養, 家電與家居用品, 影視娛樂, 旅遊","熱愛國內旅遊, 養狗, 日韓甜美, 清淡妝感, 中長髮, Kuso娛樂, 陽光健康, 熱愛唱歌, 演員, 藝人/名人, 雙眼皮","旅遊, 所有保養, 做過醫美, 飲品, 服飾穿搭, 所有彩妝",https://www.prefluencer.com/brands/kols/1250
2410,Jessie Lee 🐻,300000,7320,https://www.instagram.com/eepb_/,None,"美妝保養, 餐飲, 旅遊",None,None,https://www.prefluencer.com/brands/kols/2410
3456,李國毅,487000,7297,https://www.instagram.com/lllego/,https://www.facebook.com/LegoLeeFB/,"美妝保養, 影視娛樂, 時尚精品業, 寵物, 公益","養狗, 常在台灣, 中式料理, 環保公益, 運動健身, 時尚型男, 熱愛籃球, 演員, 英文, 歌手, 雙眼皮, 熱愛游泳","所有保養, 鞋包配飾, 所有美食, 所有3C, 飲品, 料理, 髮品",https://www.prefluencer.com/brands/kols/3456
4517,巫苡萱 ❤,800000,7499,https://www.instagram.com/avawu0726/,https://www.facebook.com/avawu0726/,"美妝保養, 影視娛樂, 餐飲, 寵物, 食品飲料","長髮, 平價親民, 養貓, 清淡妝感, Model, 嬌小, 熱愛跳舞, 直播主, 通告藝人, 雙眼皮, 有穿耳洞, 光療指甲","所有保養, 做過醫美, 所有美食, 保健, 保濕修護, 內睡衣, 泳裝",https://www.prefluencer.com/brands/kols/4517
993,Hsiu 〜修杰楷.   Lefthere,1260000,6601,https://www.instagram.com/lefthere036/,https://www.facebook.com/%e4%bf%ae%e6%9d%b0%e6%a5%b7-110980425606169/,"家電與家居用品, 影視娛樂, 親子, 時尚精品業, 公益","親子, 常在台灣, 喜歡跑步, 長腿, 時尚型男, 演員, 藝人/名人","日常用品, 精品/錶, 所有美食, 所有3C, 飲品, 服飾穿搭, 保健, 運動休閒, 保濕修護",https://www.prefluencer.com/brands/kols/993
1407,魚乾,328000,7000,https://www.instagram.com/annie72127/,https://www.facebook.com/RSPannie72127.tw/,電競手遊,"遊戲, 長髮, 平價親民, 養貓, 清淡妝感, Kuso娛樂, 陽光健康, 實況主, 主持人, 歌手, 音樂創作","旅遊, 日常用品, 所有保養, 所有美食, 所有遊戲",https://www.prefluencer.com/brands/kols/1407
1632,木曜4超玩,357000,6962,https://www.instagram.com/muyao4/,https://www.facebook.com/Muyao4/,"影視娛樂, 旅遊, 其他","遊戲, 常在台灣, Kuso娛樂, 主持人, 直播主, 藝人/名人","旅遊, 日常用品, 所有美食, 所有遊戲",https://www.prefluencer.com/brands/kols/1632
79949,DooEnglish,1220000,6766,https://www.instagram.com/doo.english/,None,知識學習,None,None,https://www.prefluencer.com/brands/kols/79949
2001,麻糬爸與白爛貓家族,378000,6689,https://www.instagram.com/mochi_dad/,https://www.facebook.com/mochidad/,藝文,"常在台灣, 養貓, 手作文創, 插畫創作, Kuso娛樂","旅遊, 日常用品, 活動展覽, 貓咪相關, 甜點/零食",https://www.prefluencer.com/brands/kols/2001
2947,杜衫杉 Du ShanShan🍀,444000,6470,https://www.instagram.com/nevercaca/,None,"美妝保養, 食品飲料, 風格穿搭","長髮, 輕熟女, 日韓甜美, 繪畫, 敏感肌, 混合肌, 乾性肌膚, 韓系妝感, 直播主","精品/錶, 所有保養, 鞋包配飾, 飲品, 服飾穿搭, 甜點/零食, 泳裝, 所有美妝",https://www.prefluencer.com/brands/kols/2947
4321,PopYummy 波波發胖,576000,6147,https://www.instagram.com/popyummy_mag/,None,食品飲料,None,None,https://www.prefluencer.com/brands/kols/4321
3430,張安琪（琪琪）,1180000,6091,https://www.instagram.com/angelachong_99/,https://www.facebook.com/angelafollower/,"3C, 餐飲, 食品飲料, 電競手遊","長髮, 養貓, 性感火辣, 宅男女神","日常用品, 所有3C, 內睡衣",https://www.prefluencer.com/brands/kols/3430
4317,方志友,370000,5822,https://www.instagram.com/beatricefang/,https://www.facebook.com/BeatriceFang1230/,"美妝保養, 家電與家居用品, 影視娛樂, 親子, 公益","常在台灣, 短髮女孩, 清淡妝感, 運動健身, 長腿, 熱愛唱歌, 演員, 雙眼皮, 有穿耳洞","所有保養, 所有美食, 所有3C, 飲品, 保健, 面膜, 清潔產品, 速食",https://www.prefluencer.com/brands/kols/4317
4352,Andy老師,343000,5786,https://www.instagram.com/andy1994x/,https://www.facebook.com/andywang1994x/,"3C, 影視娛樂, 旅遊, 食品飲料","平價親民, 常在台灣, Kuso娛樂, 陽光健康, 夫妻情侶, 頹廢型男, 時尚型男, 雙眼皮, 整人節目","日常用品, 精品/錶, 飲品, 服飾穿搭, 運動休閒, 面膜, 髮品, 甜點/零食, 手遊, 寢具類",https://www.prefluencer.com/brands/kols/4352
5143,KEKE帶我去旅行｜台灣旅遊｜台灣景點,502000,5704,https://www.instagram.com/keke_traveltheworld/,None,旅遊,None,None,https://www.prefluencer.com/brands/kols/5143
1551,聞氫哥,345000,5637,https://www.instagram.com/wanchiger/,https://www.facebook.com/ooppeennkkll9999/,"3C, 親子, 電競手遊, 藝文","親子, 常在台灣, 插畫創作, Kuso娛樂, 繪畫, 雙眼皮, 無耳洞","所有美食, 所有3C",https://www.prefluencer.com/brands/kols/1551
2094,陳蘊予💕金莎Mira,304000,5617,https://www.instagram.com/mimihere0101/,https://www.facebook.com/JinshaMimi/,"3C, 家電與家居用品, 旅遊, 電競手遊","長髮, 日韓甜美, 養兔子, 運動健身, Model, 陽光健康, 韓系妝感, 演員, ShowGirl, 直播主","家電, 所有3C, 活動展覽, 保健, 所有遊戲",https://www.prefluencer.com/brands/kols/2094
11668,羽晴Min,419000,5517,https://www.instagram.com/min0926/,https://www.facebook.com/M0926/,"3C, 風格穿搭",內睡衣,內睡衣,https://www.prefluencer.com/brands/kols/11668
2300,DenKa殿下/周荀,397000,5188,https://www.instagram.com/denkakeke/,https://www.facebook.com/denkakeke.0404/,"3C, 電競手遊, APP","遊戲, 長髮, 常在台灣, 養貓, 清淡妝感, 實況主, 英文, 性感火辣, 外拍模特兒, 樂器, 雙眼皮, 有穿耳洞, 光療指甲","旅遊, 活動展覽, 貓咪相關, 內睡衣, 所有遊戲",https://www.prefluencer.com/brands/kols/2300
1029,Katie Chen🐒 陳語安,366000,5158,https://www.instagram.com/katie_chennn/,https://www.facebook.com/yuanchenofficial/,"美妝保養, 影視娛樂, 時尚精品業, 公益, 風格穿搭","長髮, 優雅氣質, 養狗, 常在台灣, 日韓甜美, 清淡妝感, 運動健身, Model, 陽光健康, 演員, 宅男女神, 雙眼皮, 光療指甲","日常用品, 精品/錶, 所有保養, 鞋包配飾, 所有美食, 所有3C, 飲品, 服飾穿搭, 保健, 運動休閒, 所有彩妝, 髮品, 內睡衣, 所有遊戲, 手遊",https://www.prefluencer.com/brands/kols/1029
4737,張西 Ayri Chang,318000,5015,https://www.instagram.com/ayrichang/,https://www.facebook.com/ayrichang/,"知識學習, 其他","品味生活, 長髮, 作家, 養貓, 雙眼皮",閱讀知性,https://www.prefluencer.com/brands/kols/4737
995,☀️詹子晴丫頭☀️小闆娘,574000,4975,https://www.instagram.com/ava112411/,https://www.facebook.com/BabyChing0411/,"美妝保養, 影視娛樂, 醫療保健, 風格穿搭","長髮, 常在台灣, 日韓甜美, 養貓, 清淡妝感, 嬌小, 乾性肌膚, 主持人, 藝人/名人, 雙眼皮, 有穿耳洞, 光療指甲","旅遊, 精品/錶, 所有保養, 鞋包配飾, 服飾穿搭, 保健, 運動休閒, 唇彩, 保濕修護, 內睡衣, 底妝",https://www.prefluencer.com/brands/kols/995
1673,夏語心,421000,4402,https://www.instagram.com/yuxinuna/,https://www.facebook.com/yuxinuna/,"美妝保養, 影視娛樂, 時尚精品業","養狗, 生活質感, 短髮女孩, 運動健身, 陽光健康, 主持人, 演員, 宅男女神, Dancer, 藝人/名人, 雙眼皮, 有穿耳洞, 光療指甲","居家生活, 旅遊, 日常用品, 精品/錶, 所有保養, 鞋包配飾, 做過醫美, 所有美食, 所有3C, 服飾穿搭, 保健, 運動休閒, 所有彩妝, 內睡衣, 所有遊戲",https://www.prefluencer.com/brands/kols/1673
9030,Chen Lily - 英文學習,370000,4367,https://www.instagram.com/chennlilyy/,https://www.facebook.com/chennlilyy/,"美妝保養, 旅遊, 運動, 知識學習","長髮, 平價親民, 常在台灣, 清淡妝感, 運動健身, 陽光健康, 英文, 國外留學, 雙眼皮","閱讀知性, 旅遊, 所有保養, 運動休閒, 所有彩妝",https://www.prefluencer.com/brands/kols/9030
873,𝓝. 梁云菲,440000,4322,https://www.instagram.com/nanaliangbadgal/,https://www.facebook.com/nanaliangbadgal/,"美妝保養, 旅遊, 運動, 公益, 風格穿搭","養貓, 陽光健康, 風格攝影, 歐美時尚, 熱愛潛水, 性感火辣, 街頭潮流","服飾穿搭, 運動休閒",https://www.prefluencer.com/brands/kols/873
4868,趙采瑄Ning,552000,4195,https://www.instagram.com/cutening0976/,https://www.facebook.com/NingLove0976/,"3C, 電競手遊, 風格穿搭, APP",None,None,https://www.prefluencer.com/brands/kols/4868
23968,syuan,407000,4128,https://www.instagram.com/syuan328/,None,風格穿搭,None,None,https://www.prefluencer.com/brands/kols/23968
2828,林真亦YUNA,318000,4129,https://www.instagram.com/zhenyi_yuna/,https://www.facebook.com/zhenyibaby/,"美妝保養, 影視娛樂, 時尚精品業, 運動, 風格穿搭","養狗, 養貓, 清淡妝感, 中長髮, 運動健身, 陽光健康, 演員, 藝人/名人, 通告藝人, 雙眼皮, 有穿耳洞, 光療指甲","精品/錶, 所有保養, 鞋包配飾, 做過醫美, 服飾穿搭, 運動休閒, 狗狗相關, 貓咪相關, 泳裝",https://www.prefluencer.com/brands/kols/2828
10125,大象發福廚房,436000,4120,https://www.instagram.com/e.g.kitchen/,https://www.facebook.com/%e5%a4%a7%e8%b1%a1%e7%99%bc%e7%a6%8f%e5%bb%9a%e6%88%bf-574278822963127/,"餐飲, 食品飲料, 烹飪料理",None,None,https://www.prefluencer.com/brands/kols/10125
1148,張楚珊 Jenny,448000,4069,https://www.instagram.com/iam33___/,None,"美妝保養, 時尚精品業, 食品飲料, 風格穿搭","長髮, 優雅氣質, 熱愛國外旅遊, 常在台灣, 生活質感, 養貓, 運動健身, 韓系妝感, 刺青, 雙眼皮, 有穿耳洞, 光療指甲","所有保養, 眼妝, 保濕修護, 美甲美睫",https://www.prefluencer.com/brands/kols/1148
928,Lala 蘇心甯,547000,3966,https://www.instagram.com/lalababy625/,https://www.facebook.com/lalasui062/,"美妝保養, 影視娛樂, 時尚精品業, 公益, 風格穿搭","長髮, 養貓, Model, 性感火辣, 藝人/名人","家電, 日常用品, 精品/錶, 所有美食, 飲品, 服飾穿搭, 運動休閒, 貓咪相關, 內睡衣",https://www.prefluencer.com/brands/kols/928
4217,台灣達人秀,927000,3113,https://www.instagram.com/ttshow.tw/,https://www.facebook.com/wwwttshow/,"影視娛樂, 其他","常在台灣, Kuso娛樂","所有3C, APP",https://www.prefluencer.com/brands/kols/4217
1939,4foodie 台北 台中 高雄 台灣 東京 TAIPEI JAPAN US Food & Travel 4ORFOODIE,552000,3874,https://www.instagram.com/4foodie/,https://www.facebook.com/4foodies4girls/,"旅遊, 食品飲料, 酒類","美食美酒, 常在台灣","所有美食, 飲品, 所有酒類, 活動展覽",https://www.prefluencer.com/brands/kols/1939
1152,小豬黃沐妍,324000,3849,https://www.instagram.com/tystarpiggggg/,https://www.facebook.com/vicky.fans/,"影視娛樂, 旅遊, 時尚精品業, 運動, 風格穿搭","常在台灣, 熱愛爬山, 中長髮, 運動健身, 陽光健康, 主持人, 性感火辣, ShowGirl, 藝人/名人, 雙眼皮, 有穿耳洞","旅遊, 精品/錶, 所有保養, 鞋包配飾, 所有美食, 保健, 運動休閒, 保濕修護, 內睡衣",https://www.prefluencer.com/brands/kols/1152
1495,祈錦鈅Maxinechi,493000,3833,https://www.instagram.com/maxinechiii/,https://www.facebook.com/maxinechiii/,"美妝保養, 公益","遊戲, 優雅氣質, 日韓甜美, Model, 歌手","精品/錶, 鞋包配飾, 所有3C, 服飾穿搭, 運動休閒, 所有遊戲",https://www.prefluencer.com/brands/kols/1495
6706,山君𝖰𝖴𝖭🍩,949000,3545,https://www.instagram.com/qun_04/,https://www.facebook.com/qun0419/,"美妝保養, 影視娛樂, 運動, 食品飲料, 風格穿搭","短髮女孩, 日韓甜美, 養貓, 清淡妝感, 運動健身, Model, 直播主, 藝人/名人","所有保養, 飲品, 運動休閒, 甜點/零食, 泳裝, 美甲",https://www.prefluencer.com/brands/kols/6706
1317,洋蔥先生與阿文,424000,4793,https://www.instagram.com/onionman__/,https://www.facebook.com/onionman4704/,藝文,"常在台灣, 養貓, 插畫創作, Kuso娛樂, 繪畫, 動漫宅宅","家電, 日常用品, 所有美食, 所有3C, 活動展覽, 所有遊戲",https://www.prefluencer.com/brands/kols/1317
1056,吳心緹,462000,3411,https://www.instagram.com/esther_xinti/,https://www.facebook.com/WuXinTi/,"美妝保養, 家電與家居用品, 運動, 食品飲料, 公益","常在台灣, 日韓甜美, 清淡妝感, 運動健身, 嬌小, 演員, 宅男女神, 藝人/名人, 雙眼皮, 有穿耳洞","旅遊, 鞋包配飾, 所有美食, 服飾穿搭, 運動休閒",https://www.prefluencer.com/brands/kols/1056
77,BYEBYECHUCHU,317000,3223,https://www.instagram.com/byebyechuchu/,https://www.facebook.com/ByeByeChuChu/,"家電與家居用品, 餐飲, 旅遊","插畫創作, Kuso娛樂","居家生活, 所有遊戲",https://www.prefluencer.com/brands/kols/77
116120,法律白話文運動 Plain Law Movement,338000,3012,https://www.instagram.com/plainlaw.me/,https://www.facebook.com/plainlaw.me/,知識學習,None,None,https://www.prefluencer.com/brands/kols/116120
1047,展榮 Keelong,489000,2977,https://www.instagram.com/keelongxu/,None,"影視娛樂, 食品飲料, 其他","品味生活, Kuso娛樂, 運動健身, 陽光健康, 時髦文青, 歌手","旅遊, 所有美食, 飲品, 服飾穿搭, 甜點/零食, 餐廳",https://www.prefluencer.com/brands/kols/1047
1260,拐拐 Sabrina 許采晴,359000,2977,https://www.instagram.com/sabrina5477_/,https://www.facebook.com/waitforyou77/,"美妝保養, 時尚精品業, 風格穿搭","遊戲, 長髮, 優雅氣質, 生活質感, Model, 精品, 演員, 性感火辣, 宅男女神, 雙眼皮, 有穿耳洞","精品/錶, 所有保養, 服飾穿搭, 所有酒類, 運動休閒, 所有彩妝, 唇彩, 內睡衣, 所有遊戲",https://www.prefluencer.com/brands/kols/1260
2915,貝蒂做便當,404000,2971,https://www.instagram.com/betty.bento/,https://www.facebook.com/bettylovebento/,"家電與家居用品, 食品飲料, 烹飪料理","長髮, 作家, 常在台灣, 中式料理, 健康飲食/生酮","料理, 鍋具, 餐具, 廚具, 所有家電",https://www.prefluencer.com/brands/kols/2915
34974,小哥哥艾理,314000,2721,https://www.instagram.com/avis__0207/,https://www.facebook.com/avis0207/,"3C, 風格穿搭, APP","常在台灣, 兩性關係, 潮流, 雙眼皮, 有穿耳洞, 談話節目, 限制級內容","所有3C, APP",https://www.prefluencer.com/brands/kols/34974
2178,小甜甜 張可昀,357000,2701,https://www.instagram.com/riva0913/,https://www.facebook.com/xiaotiantian0913/,"影視娛樂, 風格穿搭, 醫美","長髮, 養狗, 常在台灣, 運動健身, 嬌小, 主持人, 演員, 藝人/名人, 雙眼皮, 有穿耳洞","旅遊, 精品/錶, 鞋包配飾, 所有酒類, 保健, 運動休閒, 所有遊戲, 手遊",https://www.prefluencer.com/brands/kols/2178
1144,成語蕎 Jenny ジェニー,340000,2637,https://www.instagram.com/imjennycheng/,https://www.facebook.com/imjennycheng/,"美妝保養, 時尚精品業, 公益","品味生活, 熱愛國外旅遊, 日韓甜美, 清淡妝感, 中長髮, 運動健身, Model, 主持人, 演員, 歌手, 藝人/名人, 音樂創作, 雙眼皮, 有穿耳洞, 光療指甲","所有保養, 活動展覽, 保健, 運動休閒, 所有彩妝, 唇彩, 保濕修護, 泳裝",https://www.prefluencer.com/brands/kols/1144
1077,Kiwi Lee 李函,431000,2635,https://www.instagram.com/kiwileehan/,https://www.facebook.com/Kiwi-%e6%9d%8e%e5%87%bd-212788802071502/,"美妝保養, 時尚精品業, 風格穿搭","長髮, 長腿, Model, 歐美時尚, 歐美妝感","旅遊, 精品/錶, 鞋包配飾, 服飾穿搭, 運動休閒, 所有彩妝",https://www.prefluencer.com/brands/kols/1077
119666,好想去喔,486000,2501,https://www.instagram.com/wantogo/,https://www.facebook.com/wantogo128/,"旅遊, 其他",None,None,https://www.prefluencer.com/brands/kols/119666
11455,喬喬兒QQE / 紀馨喬,404000,2347,https://www.instagram.com/qqe_52772/,https://www.facebook.com/sylviachi.0707/,"旅遊, 電競手遊, 風格穿搭","品味生活, 長髮, 日韓甜美, 陽光健康, 特殊妝, 校園清新, 外拍模特兒, 薄唇","旅遊, 日常用品, 運動休閒, 髮品, 內睡衣, 泳裝",https://www.prefluencer.com/brands/kols/11455
3866,Keanna Taiyh 💜 KT,302000,2289,https://www.instagram.com/keanna_taiyh/,https://www.facebook.com/KT0812/,"美妝保養, 風格穿搭","短髮女孩, 養貓, 長腿, 刺青, 混血兒, 雙眼皮, 厚唇, 有穿耳洞, 光療指甲","精品/錶, 鞋包配飾, 服飾穿搭, 所有彩妝, 唇彩",https://www.prefluencer.com/brands/kols/3866
2185,輕旅行,647000,2022,https://www.instagram.com/travelyam/,https://www.facebook.com/travelyam/,"旅遊, 食品飲料","品味生活, 平價親民, 美食美酒, 熱愛國內旅遊, 常在台灣","旅遊, 所有美食, 甜點/零食, 餐廳",https://www.prefluencer.com/brands/kols/2185
2218,Fairy  禹霏 🦕,617000,2133,https://www.instagram.com/z_fk_z/,None,"美妝保養, 旅遊, 食品飲料, 風格穿搭",None,None,https://www.prefluencer.com/brands/kols/2218
43960,JoannaLin🎀沐沐,416000,1919,https://www.instagram.com/joannalin724/,https://www.facebook.com/JoannaLin724/,"美妝保養, 餐飲, 醫療保健, 食品飲料, 醫美",None,None,https://www.prefluencer.com/brands/kols/43960
1319,DIZZY DIZZO ★ 蔡詩芸,624000,1897,https://www.instagram.com/dizzydizzo/,https://www.facebook.com/ddomchoy/,"美妝保養, 親子, 時尚精品業, 酒類","品味生活, 長髮, 常在台灣, 生活質感, 喜歡跑步, 風格攝影, 精品, 熱愛潛水, 藝人/名人, 雙眼皮, 有穿耳洞, 光療指甲","旅遊, 日常用品, 精品/錶, 所有保養, 服飾穿搭, 所有彩妝, 唇彩, 保濕修護",https://www.prefluencer.com/brands/kols/1319
202553,"𝓢𝓗𝓔𝓝 ,𝓣𝓢𝓐𝓘-𝓕𝓔𝓘",311000,1867,https://www.instagram.com/like12302002/,https://www.facebook.com/teacherfeifei/,None,None,None,https://www.prefluencer.com/brands/kols/202553
1022,展瑞 Monday Rays,481000,1401,https://www.instagram.com/monday_rays/,None,"美妝保養, 影視娛樂, 食品飲料, 其他","品味生活, Kuso娛樂, 運動健身, 陽光健康, 時髦文青, 歌手","旅遊, 所有美食, 飲品, 服飾穿搭, 甜點/零食, 餐廳",https://www.prefluencer.com/brands/kols/1022
4268,台灣達人秀插畫,456000,1616,https://www.instagram.com/draw.ttshow.tw/,https://www.facebook.com/draw.fans/,"影視娛樂, 旅遊, 食品飲料","西式料理, 中式料理, 傳統小吃, 甜點, 藝人/名人, 談話節目, 外景節目","閱讀知性, 所有美食, 甜點/零食, 餐廳, 手搖茶飲",https://www.prefluencer.com/brands/kols/4268
719,大羊,363000,1584,https://www.instagram.com/chelsea_jesper/,https://www.facebook.com/Chelsea.Jesper/,"家電與家居用品, 親子, 旅遊","親子, 平價親民","旅遊, 日常用品, 親子用品, 所有美食",https://www.prefluencer.com/brands/kols/719
5221,陸子玄Lois,401000,1381,https://www.instagram.com/lois06277/,https://www.facebook.com/super614/,"食品飲料, 電競手遊","遊戲, 長髮, 常在台灣, 日韓甜美, 養貓, 清淡妝感, 實況主, 宅男女神, 雙眼皮, 光療指甲","所有保養, 所有美食, 料理, 所有遊戲, 射擊遊戲",https://www.prefluencer.com/brands/kols/5221
19552,王柏傑 𝙒𝙖𝙣𝙜 𝙉𝙞𝙘𝙠（ Crazy Man 瘋男 ）,518000,1364,https://www.instagram.com/crazy_man_nick/,None,"運動, 食品飲料, 風格穿搭",None,None,https://www.prefluencer.com/brands/kols/19552
1772,保羅先生 / Mr. Paul,325000,1317,https://www.instagram.com/mr.paul_tw/,https://www.facebook.com/mr.paul.tw/,"餐飲, 食品飲料, 藝文","常在台灣, 插畫創作, Kuso娛樂, 時髦文青","家電, 日常用品, 鞋包配飾, 所有美食, 所有3C, 飲品",https://www.prefluencer.com/brands/kols/1772
203992,奇軒 Xander,695000,1048,https://www.instagram.com/73_tricking/,None,"影視娛樂, 運動, 知識學習",None,None,https://www.prefluencer.com/brands/kols/203992
3886,Aries艾瑞絲,735000,943,https://www.instagram.com/aries_8248/,https://www.facebook.com/aries8248/,其他,"長髮, 常在台灣, 日韓甜美, 養兔子, 清淡妝感, Kuso娛樂, 運動健身, 校園清新, 雙眼皮, 電競, 無耳洞, 談話節目, 限制級內容, 薄唇","旅遊, 日常用品, 服飾穿搭, 運動休閒, 髮品, 內睡衣, 泳裝, 餐廳, 手遊, 手機, 角色扮演遊戲, 手搖茶飲, SPA護膚, 筆記型電腦",https://www.prefluencer.com/brands/kols/3886
1506,FaFa蔡黃汝🌿🌼,388000,846,https://www.instagram.com/fafa19871115/,https://www.facebook.com/boommini/,"美妝保養, 影視娛樂, 時尚精品業, 醫療保健, 食品飲料","遊戲, 優雅氣質, 常在台灣, 短髮女孩, 清淡妝感, 演員, 宅男女神, 藝人/名人, 雙眼皮, 有穿耳洞","所有保養, 所有3C, 飲品, 保健, 運動休閒, 所有遊戲",https://www.prefluencer.com/brands/kols/1506
945,yuyu,477000,475,https://www.instagram.com/wenyu1025/,https://www.facebook.com/wenyu1025/,"美妝保養, 時尚精品業, 食品飲料, 風格穿搭","品味生活, 長髮, 生活質感, 日韓甜美","日常用品, 所有保養, 鞋包配飾, 服飾穿搭, 所有彩妝",https://www.prefluencer.com/brands/kols/945
4284,憑果🍎 PinQ,598000,250,https://www.instagram.com/pin_q1122/,https://www.facebook.com/Pinqootw1122/,"美妝保養, 家電與家居用品, 風格穿搭","長髮, 養貓, 運動健身, 韓系妝感, 性感火辣, 網拍/平面模特兒, 直播主, 熱愛健身, 雙眼皮, 有穿耳洞, 光療指甲","日常用品, 服飾穿搭, 內睡衣, 泳裝",https://www.prefluencer.com/brands/kols/4284
987,邵岱兒 Debbie🐢,1010000,192,https://www.instagram.com/yehdeb/,https://www.facebook.com/yehdeb/,"影視娛樂, 旅遊, 風格穿搭",None,None,https://www.prefluencer.com/brands/kols/987
4257,元 元,1020000,186,https://www.instagram.com/1105ya/,None,影視娛樂,"長髮, 日韓甜美, 養貓, 性感火辣, 通告藝人, 雙眼皮, 有穿耳洞, 光療指甲",None,https://www.prefluencer.com/brands/kols/4257
1308,泱泱LYNN,942000,165,https://www.instagram.com/lynnwu0219/,https://www.facebook.com/yanglynnwu/,"美妝保養, 餐飲, 食品飲料, 風格穿搭","常在台灣, 日韓甜美, 養貓, 清淡妝感, 中長髮, 長腿, 陽光健康, 主持人, 藝人/名人, 雙眼皮, 有穿耳洞","旅遊, 所有保養, 鞋包配飾, 所有美食, 飲品, 服飾穿搭, 所有彩妝, 甜點/零食, 所有遊戲",https://www.prefluencer.com/brands/kols/1308
3067,丘涵,960000,80,https://www.instagram.com/joanne_722/,None,其他,"長髮, 常在台灣, 清淡妝感, 樂器, 雙眼皮, 有穿耳洞, 光療指甲","精品/錶, 所有美食, 保健, 髮品, 甜點/零食",https://www.prefluencer.com/brands/kols/3067
1561,Lu's,391000,46,https://www.instagram.com/chingchinglu/,https://www.facebook.com/chingchinglus/,"3C, 家電與家居用品, 食品飲料, 藝文","養狗, 常在台灣, 插畫創作, Kuso娛樂, 繪畫, 時髦文青, 雙眼皮, 無耳洞","居家生活, 所有美食, 所有3C, 飲品",https://www.prefluencer.com/brands/kols/1561
2839,Emily Lee,324000,45,https://www.instagram.com/emilee10.1/,None,"旅遊, 時尚精品業, 風格穿搭","長髮, 優雅氣質, 熱愛國外旅遊, 常在台灣, 生活質感, 養貓, 清淡妝感, 雙眼皮, 有穿耳洞","旅遊, 精品/錶, 服飾穿搭, 內睡衣",https://www.prefluencer.com/brands/kols/2839
4445,喬歆💋瑤瑤,320000,43,https://www.instagram.com/qiaoxinhuang/,None,"美妝保養, 影視娛樂, 餐飲","長髮, 輕熟女, 常在台灣, 日韓甜美, 長腿, 韓系妝感, 藝人/名人, 雙眼皮","旅遊, 所有保養, 所有美食, 飲品, 服飾穿搭, 所有彩妝, 泳裝",https://www.prefluencer.com/brands/kols/4445
1505,Apple🍎,323000,36,https://www.instagram.com/appleweiting/,https://www.facebook.com/appleweiting328/,"美妝保養, 家電與家居用品, 影視娛樂","長髮, 熱愛國外旅遊, 養狗, 清淡妝感, 雙眼皮, 有穿耳洞","所有保養, 所有美食, 飲品, 服飾穿搭, 活動展覽, 保健, 面膜, 清潔產品, 所有遊戲, 餐廳",https://www.prefluencer.com/brands/kols/1505
4289,Stephanie Teh,523000,36,https://www.instagram.com/tehhan/,None,"美妝保養, 旅遊, 時尚精品業, 住宿, 風格穿搭","長髮, 美食美酒, 熱愛國內旅遊, 熱愛國外旅遊, 清淡妝感, 西式料理, 甜點, 雙眼皮, 有穿耳洞","旅遊, 精品/錶, 鞋包配飾, 服飾穿搭, 所有彩妝, 唇彩",https://www.prefluencer.com/brands/kols/4289
932,咪妃,445000,26,https://www.instagram.com/juliamisakii/,https://www.facebook.com/JJuliaOuO/,"3C, 美妝保養, 運動, 電競手遊, APP","長髮, 常在台灣, 日韓甜美, 清淡妝感, 運動健身, 實況主, 韓系妝感, 熱愛跳舞, 熱愛動漫, 光療指甲","所有保養, 所有美食, 服飾穿搭, 運動休閒, 所有彩妝, 所有遊戲",https://www.prefluencer.com/brands/kols/932
5241,Lulu,584000,22,https://www.instagram.com/luckylulu0212/,None,藝文,None,None,https://www.prefluencer.com/brands/kols/5241
880,張景嵐,504000,16,https://www.instagram.com/changchinlan/,https://www.facebook.com/93jqq/,"美妝保養, 影視娛樂, 時尚精品業, 運動, 公益","優雅氣質, 運動健身, Model, 陽光健康, 主持人, 演員, 宅男女神, 藝人/名人","所有保養, 所有3C, 飲品, 保健, 運動休閒, 面膜",https://www.prefluencer.com/brands/kols/880
982,璇璇 Xuan,307000,14,https://www.instagram.com/xuanxuantw/,https://www.facebook.com/xuanxuantw/,"美妝保養, 旅遊, 風格穿搭","品味生活, 長髮, 養貓, 性感火辣, 宅男女神","居家生活, 所有保養, 鞋包配飾, 服飾穿搭, 所有彩妝",https://www.prefluencer.com/brands/kols/982
2421,🐚呂妍芯 𝐘 𝐚 𝐧 𝐛 𝐚 𝐛 𝐲,379000,14,https://www.instagram.com/yan.baby_/,https://www.facebook.com/yanbabyxx/,"美妝保養, 旅遊, 時尚精品業, 風格穿搭","長髮, 優雅氣質, 生活質感, 陽光健康, 熱愛瑜珈, 網拍/平面模特兒","旅遊, 日常用品, 所有保養, 鞋包配飾, 服飾穿搭, 所有酒類, 保健, 運動休閒, 所有彩妝, 髮品, 泳裝",https://www.prefluencer.com/brands/kols/2421
32574,王盈,304000,0,https://www.instagram.com/jiajia0119/,None,"美妝保養, 醫療保健","生活質感, 短髮女孩, 日韓甜美, 養貓, 所有美食, 韓系妝感, 主持人, 外拍模特兒, 雙眼皮, 有穿耳洞","車類, 旅遊, 所有保養, 活動展覽, 保健, 面膜, 清潔產品",https://www.prefluencer.com/brands/kols/32574
990,WangLiyang,46000,387,https://www.instagram.com/_yang928/,https://www.facebook.com/wang.l.yang.9/,"美妝保養, 餐飲, 旅遊, 食品飲料, 風格穿搭","平價親民, 國內旅遊, 常在台灣, 時髦文青","居家生活, 旅遊, 日常用品, 所有美食, 所有3C, 飲品",https://www.prefluencer.com/brands/kols/990
